outer_fold,model,trial_number,inner_cv_mean_mae,state,parameters_json
1,ridge,0,1190.8921864744252,COMPLETE,"{""alpha"": 32.382294941038815}"
1,ridge,1,1358.5110477057385,COMPLETE,"{""alpha"": 0.6152302471208801}"
1,ridge,2,1318.6560209526458,COMPLETE,"{""alpha"": 1.9051252256614937}"
1,ridge,3,1173.4096730688232,COMPLETE,"{""alpha"": 14.533059910058286}"
1,ridge,4,2128.469256668227,COMPLETE,"{""alpha"": 0.009986675452148243}"
1,ridge,5,3125.9236151985283,COMPLETE,"{""alpha"": 0.004327840907072701}"
1,ridge,6,1211.403500159326,COMPLETE,"{""alpha"": 7.197729750830389}"
1,ridge,7,1379.8525684780902,COMPLETE,"{""alpha"": 0.14502496217624397}"
1,ridge,8,1412.602970786997,COMPLETE,"{""alpha"": 0.0844133536050204}"
1,ridge,9,1201.4472354199465,COMPLETE,"{""alpha"": 8.283556719419314}"
1,ridge,10,7243.289643782349,COMPLETE,"{""alpha"": 0.0010355544434250557}"
1,ridge,11,1595.1916438833578,COMPLETE,"{""alpha"": 93.7745690626988}"
1,ridge,12,1275.1320209609853,COMPLETE,"{""alpha"": 53.487014533112934}"
1,ridge,13,1171.258302789904,COMPLETE,"{""alpha"": 15.769520802598654}"
1,ridge,14,1206.1033952184755,COMPLETE,"{""alpha"": 7.7482239130769015}"
1,ridge,15,1301.1950459311913,COMPLETE,"{""alpha"": 2.404528348203492}"
1,ridge,16,1170.8877438927282,COMPLETE,"{""alpha"": 16.026123308127143}"
1,ridge,17,1361.2455502125845,COMPLETE,"{""alpha"": 0.40919476352198364}"
1,ridge,18,1317.9952944261165,COMPLETE,"{""alpha"": 1.923574378070987}"
1,ridge,19,1177.5172173321046,COMPLETE,"{""alpha"": 26.774381154645894}"
1,random_forest,0,3192.9753354373565,COMPLETE,"{""max_depth"": 9, ""max_features"": 0.7119690078210117, ""min_samples_leaf"": 4, ""n_estimators"": 200}"
1,random_forest,1,3173.9399101027448,COMPLETE,"{""max_depth"": 18, ""max_features"": 0.5043919782617184, ""min_samples_leaf"": 1, ""n_estimators"": 175}"
1,random_forest,2,3409.8347675471923,COMPLETE,"{""max_depth"": 6, ""max_features"": 0.5282852054468927, ""min_samples_leaf"": 8, ""n_estimators"": 100}"
1,random_forest,3,3307.3419264155636,COMPLETE,"{""max_depth"": 8, ""max_features"": 0.5352883484328999, ""min_samples_leaf"": 5, ""n_estimators"": 75}"
1,random_forest,4,3160.175798692154,COMPLETE,"{""max_depth"": 9, ""max_features"": 0.5462965536509846, ""min_samples_leaf"": 3, ""n_estimators"": 175}"
1,random_forest,5,3232.439964764671,COMPLETE,"{""max_depth"": 5, ""max_features"": 0.5185865893933832, ""min_samples_leaf"": 2, ""n_estimators"": 200}"
1,random_forest,6,3254.1989720496463,COMPLETE,"{""max_depth"": 14, ""max_features"": 0.98098939690791, ""min_samples_leaf"": 4, ""n_estimators"": 100}"
1,random_forest,7,3331.7644320781014,COMPLETE,"{""max_depth"": 8, ""max_features"": 0.9154022062848375, ""min_samples_leaf"": 7, ""n_estimators"": 250}"
1,random_forest,8,3315.852088620967,COMPLETE,"{""max_depth"": 13, ""max_features"": 0.5152709663812415, ""min_samples_leaf"": 2, ""n_estimators"": 75}"
1,random_forest,9,3237.594758776117,COMPLETE,"{""max_depth"": 12, ""max_features"": 0.7315099703159844, ""min_samples_leaf"": 2, ""n_estimators"": 225}"
1,random_forest,10,3228.4209969584963,COMPLETE,"{""max_depth"": 19, ""max_features"": 0.6811454376101125, ""min_samples_leaf"": 6, ""n_estimators"": 150}"
1,random_forest,11,3237.4904808919378,COMPLETE,"{""max_depth"": 20, ""max_features"": 0.6322275028075346, ""min_samples_leaf"": 1, ""n_estimators"": 150}"
1,random_forest,12,3237.480519138288,COMPLETE,"{""max_depth"": 17, ""max_features"": 0.6121234157185171, ""min_samples_leaf"": 1, ""n_estimators"": 150}"
1,random_forest,13,3187.903354001502,COMPLETE,"{""max_depth"": 15, ""max_features"": 0.6043049183847995, ""min_samples_leaf"": 3, ""n_estimators"": 175}"
1,random_forest,14,3183.0265223028377,COMPLETE,"{""max_depth"": 11, ""max_features"": 0.7873399981918416, ""min_samples_leaf"": 3, ""n_estimators"": 175}"
1,random_forest,15,3145.825617288379,COMPLETE,"{""max_depth"": 16, ""max_features"": 0.5731558856483381, ""min_samples_leaf"": 1, ""n_estimators"": 125}"
1,random_forest,16,3246.8417967419496,COMPLETE,"{""max_depth"": 16, ""max_features"": 0.5871201135141141, ""min_samples_leaf"": 3, ""n_estimators"": 125}"
1,random_forest,17,3183.1484026768935,COMPLETE,"{""max_depth"": 11, ""max_features"": 0.6590707512874215, ""min_samples_leaf"": 4, ""n_estimators"": 125}"
1,random_forest,18,3303.758613063651,COMPLETE,"{""max_depth"": 10, ""max_features"": 0.8190871516320863, ""min_samples_leaf"": 2, ""n_estimators"": 125}"
1,random_forest,19,3349.578182257565,COMPLETE,"{""max_depth"": 4, ""max_features"": 0.5755032967066831, ""min_samples_leaf"": 5, ""n_estimators"": 200}"
1,gradient_boosting,0,3036.037919733968,COMPLETE,"{""learning_rate"": 0.14425922174859396, ""max_depth"": 3, ""min_samples_leaf"": 2, ""n_estimators"": 50}"
1,gradient_boosting,1,3112.967510610643,COMPLETE,"{""learning_rate"": 0.04580259471505711, ""max_depth"": 3, ""min_samples_leaf"": 7, ""n_estimators"": 200}"
1,gradient_boosting,2,3182.928489069766,COMPLETE,"{""learning_rate"": 0.024211811894855925, ""max_depth"": 4, ""min_samples_leaf"": 1, ""n_estimators"": 200}"
1,gradient_boosting,3,3213.548237167074,COMPLETE,"{""learning_rate"": 0.022224225120147708, ""max_depth"": 4, ""min_samples_leaf"": 3, ""n_estimators"": 225}"
1,gradient_boosting,4,3193.5231461442672,COMPLETE,"{""learning_rate"": 0.032307295647369214, ""max_depth"": 3, ""min_samples_leaf"": 5, ""n_estimators"": 250}"
1,gradient_boosting,5,3184.045250077358,COMPLETE,"{""learning_rate"": 0.0510600057356542, ""max_depth"": 4, ""min_samples_leaf"": 8, ""n_estimators"": 250}"
1,gradient_boosting,6,5908.585319072967,COMPLETE,"{""learning_rate"": 0.011868968768420632, ""max_depth"": 5, ""min_samples_leaf"": 1, ""n_estimators"": 75}"
1,gradient_boosting,7,3161.5915153584747,COMPLETE,"{""learning_rate"": 0.07168190137295621, ""max_depth"": 3, ""min_samples_leaf"": 3, ""n_estimators"": 225}"
1,gradient_boosting,8,3563.50971497505,COMPLETE,"{""learning_rate"": 0.037129295316425476, ""max_depth"": 3, ""min_samples_leaf"": 5, ""n_estimators"": 75}"
1,gradient_boosting,9,3137.4804044591524,COMPLETE,"{""learning_rate"": 0.08865544374511886, ""max_depth"": 3, ""min_samples_leaf"": 8, ""n_estimators"": 75}"
1,gradient_boosting,10,3144.2699135079956,COMPLETE,"{""learning_rate"": 0.16415440362870193, ""max_depth"": 2, ""min_samples_leaf"": 5, ""n_estimators"": 125}"
1,gradient_boosting,11,3195.3304615049756,COMPLETE,"{""learning_rate"": 0.19467297369281653, ""max_depth"": 2, ""min_samples_leaf"": 7, ""n_estimators"": 150}"
1,gradient_boosting,12,3208.025670463737,COMPLETE,"{""learning_rate"": 0.11472474114869266, ""max_depth"": 2, ""min_samples_leaf"": 3, ""n_estimators"": 150}"
1,gradient_boosting,13,7239.585668005039,COMPLETE,"{""learning_rate"": 0.010981095138799237, ""max_depth"": 3, ""min_samples_leaf"": 6, ""n_estimators"": 50}"
1,gradient_boosting,14,3231.890739801242,COMPLETE,"{""learning_rate"": 0.05960864262254198, ""max_depth"": 4, ""min_samples_leaf"": 2, ""n_estimators"": 125}"
1,gradient_boosting,15,3151.848002789105,COMPLETE,"{""learning_rate"": 0.11494908168456162, ""max_depth"": 5, ""min_samples_leaf"": 4, ""n_estimators"": 175}"
1,gradient_boosting,16,4591.935299206734,COMPLETE,"{""learning_rate"": 0.01837561429446173, ""max_depth"": 2, ""min_samples_leaf"": 7, ""n_estimators"": 100}"
1,gradient_boosting,17,4045.144796727792,COMPLETE,"{""learning_rate"": 0.04180414753134087, ""max_depth"": 3, ""min_samples_leaf"": 6, ""n_estimators"": 50}"
1,gradient_boosting,18,3152.069196242729,COMPLETE,"{""learning_rate"": 0.10510386862139996, ""max_depth"": 4, ""min_samples_leaf"": 2, ""n_estimators"": 175}"
1,gradient_boosting,19,3128.793852373431,COMPLETE,"{""learning_rate"": 0.1369408421305021, ""max_depth"": 3, ""min_samples_leaf"": 4, ""n_estimators"": 200}"
2,ridge,0,1078.4486273150048,COMPLETE,"{""alpha"": 2.6511375980537273}"
2,ridge,1,788.3865455716578,COMPLETE,"{""alpha"": 0.001888080717345809}"
2,ridge,2,1042.6595618530973,COMPLETE,"{""alpha"": 1.7292990110051834}"
2,ridge,3,964.6175842661623,COMPLETE,"{""alpha"": 0.7918552074908762}"
2,ridge,4,803.7284693740364,COMPLETE,"{""alpha"": 0.048310092490597374}"
2,ridge,5,788.8703832998727,COMPLETE,"{""alpha"": 0.0034469500695928916}"
2,ridge,6,1018.501452572916,COMPLETE,"{""alpha"": 1.344859637204682}"
2,ridge,7,1077.05197982533,COMPLETE,"{""alpha"": 15.820155424118369}"
2,ridge,8,789.7802829267339,COMPLETE,"{""alpha"": 0.006345824399031277}"
2,ridge,9,788.4414352808672,COMPLETE,"{""alpha"": 0.002065590157180846}"
2,ridge,10,803.6934741643029,COMPLETE,"{""alpha"": 0.04820700631771044}"
2,ridge,11,788.1517412153523,COMPLETE,"{""alpha"": 0.0011267382749294828}"
2,ridge,12,793.0900949688041,COMPLETE,"{""alpha"": 0.01661798330447018}"
2,ridge,13,788.1944364863684,COMPLETE,"{""alpha"": 0.0012654210874208764}"
2,ridge,14,795.4852721922134,COMPLETE,"{""alpha"": 0.023870611406835555}"
2,ridge,15,788.141138016469,COMPLETE,"{""alpha"": 0.0010922797756563335}"
2,ridge,16,843.2517206616279,COMPLETE,"{""alpha"": 0.17072534586157462}"
2,ridge,17,788.1378278915196,COMPLETE,"{""alpha"": 0.0010815210560658852}"
2,ridge,18,790.9386283046654,COMPLETE,"{""alpha"": 0.009983474185197972}"
2,ridge,19,1467.8555390641936,COMPLETE,"{""alpha"": 67.17924719048263}"
2,random_forest,0,1756.8986197245533,COMPLETE,"{""max_depth"": 17, ""max_features"": 0.673014505052933, ""min_samples_leaf"": 5, ""n_estimators"": 100}"
2,random_forest,1,1708.6476950070949,COMPLETE,"{""max_depth"": 11, ""max_features"": 0.6588117786980308, ""min_samples_leaf"": 6, ""n_estimators"": 150}"
2,random_forest,2,1789.590299772763,COMPLETE,"{""max_depth"": 17, ""max_features"": 0.6213914645108469, ""min_samples_leaf"": 8, ""n_estimators"": 100}"
2,random_forest,3,1602.446714671096,COMPLETE,"{""max_depth"": 11, ""max_features"": 0.9082196135972961, ""min_samples_leaf"": 6, ""n_estimators"": 150}"
2,random_forest,4,1573.4284765792127,COMPLETE,"{""max_depth"": 13, ""max_features"": 0.9735265340080184, ""min_samples_leaf"": 1, ""n_estimators"": 125}"
2,random_forest,5,1551.7299563798965,COMPLETE,"{""max_depth"": 19, ""max_features"": 0.9525900082197601, ""min_samples_leaf"": 2, ""n_estimators"": 250}"
2,random_forest,6,1702.1859806484172,COMPLETE,"{""max_depth"": 15, ""max_features"": 0.731324607025594, ""min_samples_leaf"": 4, ""n_estimators"": 200}"
2,random_forest,7,1713.12822549988,COMPLETE,"{""max_depth"": 10, ""max_features"": 0.6577285236381651, ""min_samples_leaf"": 5, ""n_estimators"": 200}"
2,random_forest,8,1637.3399615800195,COMPLETE,"{""max_depth"": 18, ""max_features"": 0.9069980777654898, ""min_samples_leaf"": 2, ""n_estimators"": 75}"
2,random_forest,9,1882.876459000608,COMPLETE,"{""max_depth"": 12, ""max_features"": 0.539546727293778, ""min_samples_leaf"": 8, ""n_estimators"": 150}"
2,random_forest,10,1691.2404840702031,COMPLETE,"{""max_depth"": 5, ""max_features"": 0.7743179690297513, ""min_samples_leaf"": 3, ""n_estimators"": 250}"
2,random_forest,11,1555.8578182171864,COMPLETE,"{""max_depth"": 20, ""max_features"": 0.9975394290758844, ""min_samples_leaf"": 1, ""n_estimators"": 250}"
2,random_forest,12,1555.8578182171864,COMPLETE,"{""max_depth"": 20, ""max_features"": 0.9881630557826772, ""min_samples_leaf"": 1, ""n_estimators"": 250}"
2,random_forest,13,1602.0808361872182,COMPLETE,"{""max_depth"": 20, ""max_features"": 0.862844651158721, ""min_samples_leaf"": 2, ""n_estimators"": 225}"
2,random_forest,14,1602.0808361872182,COMPLETE,"{""max_depth"": 20, ""max_features"": 0.8710280005208618, ""min_samples_leaf"": 2, ""n_estimators"": 225}"
2,random_forest,15,1519.5054320256286,COMPLETE,"{""max_depth"": 15, ""max_features"": 0.9832612572806506, ""min_samples_leaf"": 3, ""n_estimators"": 250}"
2,random_forest,16,1633.039733631289,COMPLETE,"{""max_depth"": 15, ""max_features"": 0.8236718799087526, ""min_samples_leaf"": 3, ""n_estimators"": 200}"
2,random_forest,17,1575.6834555848477,COMPLETE,"{""max_depth"": 8, ""max_features"": 0.934970696049821, ""min_samples_leaf"": 3, ""n_estimators"": 225}"
2,random_forest,18,1627.9103423523952,COMPLETE,"{""max_depth"": 15, ""max_features"": 0.8306402693303683, ""min_samples_leaf"": 4, ""n_estimators"": 250}"
2,random_forest,19,1585.961252190705,COMPLETE,"{""max_depth"": 18, ""max_features"": 0.9374214050316151, ""min_samples_leaf"": 4, ""n_estimators"": 175}"
2,gradient_boosting,0,4044.475345680507,COMPLETE,"{""learning_rate"": 0.01346363784643159, ""max_depth"": 2, ""min_samples_leaf"": 4, ""n_estimators"": 100}"
2,gradient_boosting,1,4668.367822720271,COMPLETE,"{""learning_rate"": 0.01919385953985744, ""max_depth"": 5, ""min_samples_leaf"": 6, ""n_estimators"": 50}"
2,gradient_boosting,2,1687.0579135072544,COMPLETE,"{""learning_rate"": 0.046270746864632374, ""max_depth"": 4, ""min_samples_leaf"": 1, ""n_estimators"": 175}"
2,gradient_boosting,3,3564.7409429918725,COMPLETE,"{""learning_rate"": 0.012782707757995618, ""max_depth"": 2, ""min_samples_leaf"": 7, ""n_estimators"": 125}"
2,gradient_boosting,4,1789.002862905459,COMPLETE,"{""learning_rate"": 0.07081500767852503, ""max_depth"": 5, ""min_samples_leaf"": 1, ""n_estimators"": 50}"
2,gradient_boosting,5,2266.327520210804,COMPLETE,"{""learning_rate"": 0.011440510700581656, ""max_depth"": 2, ""min_samples_leaf"": 7, ""n_estimators"": 250}"
2,gradient_boosting,6,1748.6376330023952,COMPLETE,"{""learning_rate"": 0.0708160541849514, ""max_depth"": 5, ""min_samples_leaf"": 7, ""n_estimators"": 175}"
2,gradient_boosting,7,1689.4575149723914,COMPLETE,"{""learning_rate"": 0.09809678078236334, ""max_depth"": 5, ""min_samples_leaf"": 1, ""n_estimators"": 250}"
2,gradient_boosting,8,1697.8007185387771,COMPLETE,"{""learning_rate"": 0.035559298034224605, ""max_depth"": 2, ""min_samples_leaf"": 7, ""n_estimators"": 175}"
2,gradient_boosting,9,1782.1812780799949,COMPLETE,"{""learning_rate"": 0.02767889759691679, ""max_depth"": 2, ""min_samples_leaf"": 2, ""n_estimators"": 225}"
2,gradient_boosting,10,1740.6428512424488,COMPLETE,"{""learning_rate"": 0.1922924905815938, ""max_depth"": 4, ""min_samples_leaf"": 4, ""n_estimators"": 175}"
2,gradient_boosting,11,1707.8222180111225,COMPLETE,"{""learning_rate"": 0.08382831067145642, ""max_depth"": 4, ""min_samples_leaf"": 1, ""n_estimators"": 225}"
2,gradient_boosting,12,1734.1511934277714,COMPLETE,"{""learning_rate"": 0.12902367754237926, ""max_depth"": 4, ""min_samples_leaf"": 3, ""n_estimators"": 250}"
2,gradient_boosting,13,1768.3191329590306,COMPLETE,"{""learning_rate"": 0.03984657636487103, ""max_depth"": 3, ""min_samples_leaf"": 2, ""n_estimators"": 200}"
2,gradient_boosting,14,1684.9618423708591,COMPLETE,"{""learning_rate"": 0.05086986751756345, ""max_depth"": 4, ""min_samples_leaf"": 1, ""n_estimators"": 125}"
2,gradient_boosting,15,1778.714108880596,COMPLETE,"{""learning_rate"": 0.045871342248729664, ""max_depth"": 3, ""min_samples_leaf"": 3, ""n_estimators"": 125}"
2,gradient_boosting,16,1784.280401142621,COMPLETE,"{""learning_rate"": 0.0547270602243533, ""max_depth"": 3, ""min_samples_leaf"": 2, ""n_estimators"": 125}"
2,gradient_boosting,17,2277.6044971036777,COMPLETE,"{""learning_rate"": 0.02434028584458883, ""max_depth"": 4, ""min_samples_leaf"": 3, ""n_estimators"": 100}"
2,gradient_boosting,18,1676.4412891292839,COMPLETE,"{""learning_rate"": 0.05571824761731639, ""max_depth"": 4, ""min_samples_leaf"": 1, ""n_estimators"": 150}"
2,gradient_boosting,19,1682.6287207398468,COMPLETE,"{""learning_rate"": 0.13107875793722343, ""max_depth"": 3, ""min_samples_leaf"": 5, ""n_estimators"": 150}"
3,ridge,0,572.4527606611085,COMPLETE,"{""alpha"": 0.002114326164733786}"
3,ridge,1,849.5084408000687,COMPLETE,"{""alpha"": 12.929183450785697}"
3,ridge,2,572.5600115664198,COMPLETE,"{""alpha"": 0.001599618924147407}"
3,ridge,3,619.3280143070904,COMPLETE,"{""alpha"": 0.7659128539246933}"
3,ridge,4,910.3783901359171,COMPLETE,"{""alpha"": 46.92499714701238}"
3,ridge,5,567.4498626064977,COMPLETE,"{""alpha"": 0.04023060143775965}"
3,ridge,6,567.3488548513153,COMPLETE,"{""alpha"": 0.1454363822729776}"
3,ridge,7,565.9735938116282,COMPLETE,"{""alpha"": 0.07604814624456031}"
3,ridge,8,648.765158673769,COMPLETE,"{""alpha"": 1.1333162923455522}"
3,ridge,9,566.0563883367483,COMPLETE,"{""alpha"": 0.07113915345444469}"
3,ridge,10,570.5598226489606,COMPLETE,"{""alpha"": 0.012519132007639213}"
3,ridge,11,572.9711139803944,COMPLETE,"{""alpha"": 0.23667549602602175}"
3,ridge,12,570.1187397651447,COMPLETE,"{""alpha"": 0.015399399100813097}"
3,ridge,13,747.0947079320107,COMPLETE,"{""alpha"": 3.146222067358695}"
3,ridge,14,565.9078904851815,COMPLETE,"{""alpha"": 0.08435944526931878}"
3,ridge,15,570.7163052829715,COMPLETE,"{""alpha"": 0.011545778688076581}"
3,ridge,16,587.204330396632,COMPLETE,"{""alpha"": 0.4047917996922308}"
3,ridge,17,733.9711054873786,COMPLETE,"{""alpha"": 2.764021112533541}"
3,ridge,18,567.2412913828334,COMPLETE,"{""alpha"": 0.04317696512101433}"
3,ridge,19,571.9294581563734,COMPLETE,"{""alpha"": 0.004727124189012552}"
3,random_forest,0,1131.9726550591324,COMPLETE,"{""max_depth"": 14, ""max_features"": 0.7100155273996355, ""min_samples_leaf"": 6, ""n_estimators"": 75}"
3,random_forest,1,1248.538022781475,COMPLETE,"{""max_depth"": 19, ""max_features"": 0.5542864465470418, ""min_samples_leaf"": 8, ""n_estimators"": 100}"
3,random_forest,2,1305.9956656364236,COMPLETE,"{""max_depth"": 6, ""max_features"": 0.5372170442715637, ""min_samples_leaf"": 6, ""n_estimators"": 100}"
3,random_forest,3,895.2507019207727,COMPLETE,"{""max_depth"": 15, ""max_features"": 0.9995074397257919, ""min_samples_leaf"": 2, ""n_estimators"": 200}"
3,random_forest,4,929.5698372242317,COMPLETE,"{""max_depth"": 18, ""max_features"": 0.9289275447697978, ""min_samples_leaf"": 2, ""n_estimators"": 250}"
3,random_forest,5,1139.7696844674178,COMPLETE,"{""max_depth"": 7, ""max_features"": 0.6639611558162706, ""min_samples_leaf"": 1, ""n_estimators"": 225}"
3,random_forest,6,1185.7800852976527,COMPLETE,"{""max_depth"": 9, ""max_features"": 0.6290984792644931, ""min_samples_leaf"": 6, ""n_estimators"": 175}"
3,random_forest,7,1021.1225403402443,COMPLETE,"{""max_depth"": 6, ""max_features"": 0.8296763117540229, ""min_samples_leaf"": 5, ""n_estimators"": 225}"
3,random_forest,8,1273.5435960087461,COMPLETE,"{""max_depth"": 6, ""max_features"": 0.590033351551851, ""min_samples_leaf"": 4, ""n_estimators"": 150}"
3,random_forest,9,1094.3281532725637,COMPLETE,"{""max_depth"": 17, ""max_features"": 0.7375842170230085, ""min_samples_leaf"": 3, ""n_estimators"": 200}"
3,random_forest,10,904.4953476781345,COMPLETE,"{""max_depth"": 12, ""max_features"": 0.9570531006991131, ""min_samples_leaf"": 8, ""n_estimators"": 150}"
3,random_forest,11,899.2416137495014,COMPLETE,"{""max_depth"": 12, ""max_features"": 0.9934815503430041, ""min_samples_leaf"": 8, ""n_estimators"": 175}"
3,random_forest,12,904.9137125602695,COMPLETE,"{""max_depth"": 13, ""max_features"": 0.9804621253465581, ""min_samples_leaf"": 1, ""n_estimators"": 175}"
3,random_forest,13,957.2606386469786,COMPLETE,"{""max_depth"": 16, ""max_features"": 0.8831743416010983, ""min_samples_leaf"": 3, ""n_estimators"": 150}"
3,random_forest,14,887.818373208147,COMPLETE,"{""max_depth"": 10, ""max_features"": 0.9984299925006488, ""min_samples_leaf"": 7, ""n_estimators"": 200}"
3,random_forest,15,960.2684861944178,COMPLETE,"{""max_depth"": 10, ""max_features"": 0.8665130189747094, ""min_samples_leaf"": 4, ""n_estimators"": 250}"
3,random_forest,16,1053.3238670910482,COMPLETE,"{""max_depth"": 15, ""max_features"": 0.7978369088915475, ""min_samples_leaf"": 7, ""n_estimators"": 200}"
3,random_forest,17,1081.1625672890389,COMPLETE,"{""max_depth"": 4, ""max_features"": 0.916291484527202, ""min_samples_leaf"": 4, ""n_estimators"": 200}"
3,random_forest,18,895.4358437861404,COMPLETE,"{""max_depth"": 20, ""max_features"": 0.9897493338649397, ""min_samples_leaf"": 2, ""n_estimators"": 225}"
3,random_forest,19,965.3792336910016,COMPLETE,"{""max_depth"": 10, ""max_features"": 0.8967845088395188, ""min_samples_leaf"": 5, ""n_estimators"": 125}"
3,gradient_boosting,0,929.0964358037327,COMPLETE,"{""learning_rate"": 0.10022486206711212, ""max_depth"": 3, ""min_samples_leaf"": 1, ""n_estimators"": 100}"
3,gradient_boosting,1,1279.741966680602,COMPLETE,"{""learning_rate"": 0.027200500930192547, ""max_depth"": 4, ""min_samples_leaf"": 4, ""n_estimators"": 100}"
3,gradient_boosting,2,2471.3931014015648,COMPLETE,"{""learning_rate"": 0.020010673262251626, ""max_depth"": 5, ""min_samples_leaf"": 6, ""n_estimators"": 75}"
3,gradient_boosting,3,3312.1018933190244,COMPLETE,"{""learning_rate"": 0.022252980718303155, ""max_depth"": 5, ""min_samples_leaf"": 3, ""n_estimators"": 50}"
3,gradient_boosting,4,969.469326154314,COMPLETE,"{""learning_rate"": 0.08266599424575934, ""max_depth"": 3, ""min_samples_leaf"": 6, ""n_estimators"": 225}"
3,gradient_boosting,5,2859.0557800781908,COMPLETE,"{""learning_rate"": 0.02609446511984153, ""max_depth"": 4, ""min_samples_leaf"": 7, ""n_estimators"": 50}"
3,gradient_boosting,6,986.4500182460135,COMPLETE,"{""learning_rate"": 0.1521799617172713, ""max_depth"": 2, ""min_samples_leaf"": 5, ""n_estimators"": 200}"
3,gradient_boosting,7,1071.1262824405026,COMPLETE,"{""learning_rate"": 0.01632897775137777, ""max_depth"": 5, ""min_samples_leaf"": 3, ""n_estimators"": 225}"
3,gradient_boosting,8,992.6454041365487,COMPLETE,"{""learning_rate"": 0.018950687891951045, ""max_depth"": 5, ""min_samples_leaf"": 8, ""n_estimators"": 225}"
3,gradient_boosting,9,965.0421000891334,COMPLETE,"{""learning_rate"": 0.0244885993938783, ""max_depth"": 5, ""min_samples_leaf"": 2, ""n_estimators"": 225}"
3,gradient_boosting,10,936.9770019754408,COMPLETE,"{""learning_rate"": 0.05658255642581682, ""max_depth"": 2, ""min_samples_leaf"": 1, ""n_estimators"": 150}"
3,gradient_boosting,11,922.375757830172,COMPLETE,"{""learning_rate"": 0.06438366076293937, ""max_depth"": 2, ""min_samples_leaf"": 1, ""n_estimators"": 150}"
3,gradient_boosting,12,929.5380264335333,COMPLETE,"{""learning_rate"": 0.07326199291976372, ""max_depth"": 3, ""min_samples_leaf"": 1, ""n_estimators"": 125}"
3,gradient_boosting,13,973.2735305640596,COMPLETE,"{""learning_rate"": 0.1497916579158248, ""max_depth"": 3, ""min_samples_leaf"": 1, ""n_estimators"": 150}"
3,gradient_boosting,14,938.2076534063265,COMPLETE,"{""learning_rate"": 0.0524805613787435, ""max_depth"": 2, ""min_samples_leaf"": 2, ""n_estimators"": 175}"
3,gradient_boosting,15,969.7058333755485,COMPLETE,"{""learning_rate"": 0.09191571469982786, ""max_depth"": 3, ""min_samples_leaf"": 2, ""n_estimators"": 100}"
3,gradient_boosting,16,998.0713657618435,COMPLETE,"{""learning_rate"": 0.042850367457611976, ""max_depth"": 2, ""min_samples_leaf"": 3, ""n_estimators"": 125}"
3,gradient_boosting,17,2074.252302310374,COMPLETE,"{""learning_rate"": 0.01029357039355369, ""max_depth"": 4, ""min_samples_leaf"": 1, ""n_estimators"": 175}"
3,gradient_boosting,18,973.7996985130249,COMPLETE,"{""learning_rate"": 0.11224778743686575, ""max_depth"": 3, ""min_samples_leaf"": 2, ""n_estimators"": 100}"
3,gradient_boosting,19,971.7162106736199,COMPLETE,"{""learning_rate"": 0.039417308199165016, ""max_depth"": 2, ""min_samples_leaf"": 4, ""n_estimators"": 150}"
4,ridge,0,416.8401059865766,COMPLETE,"{""alpha"": 0.09405477980186695}"
4,ridge,1,399.65110072313394,COMPLETE,"{""alpha"": 0.009795648790157404}"
4,ridge,2,401.4430205889022,COMPLETE,"{""alpha"": 0.01879989090326043}"
4,ridge,3,741.6879517222592,COMPLETE,"{""alpha"": 11.033841416855312}"
4,ridge,4,741.9074492760772,COMPLETE,"{""alpha"": 9.551593513561611}"
4,ridge,5,428.13547013617773,COMPLETE,"{""alpha"": 0.15199928633693308}"
4,ridge,6,659.2385807749722,COMPLETE,"{""alpha"": 27.971906220825883}"
4,ridge,7,401.7820196481463,COMPLETE,"{""alpha"": 0.020482216351448368}"
4,ridge,8,399.7926463355935,COMPLETE,"{""alpha"": 0.010515027136782278}"
4,ridge,9,451.1214944933061,COMPLETE,"{""alpha"": 0.2832220352804781}"
4,ridge,10,397.9982265176978,COMPLETE,"{""alpha"": 0.0011673970424861818}"
4,ridge,11,397.9718004226265,COMPLETE,"{""alpha"": 0.001024815169427098}"
4,ridge,12,397.9858113142862,COMPLETE,"{""alpha"": 0.001100423669252718}"
4,ridge,13,398.01675460046744,COMPLETE,"{""alpha"": 0.0012673041697128524}"
4,ridge,14,398.2871256301315,COMPLETE,"{""alpha"": 0.0027188293267780004}"
4,ridge,15,398.5632324090042,COMPLETE,"{""alpha"": 0.004184419931252617}"
4,ridge,16,397.9764432449335,COMPLETE,"{""alpha"": 0.001049872945684034}"
4,ridge,17,527.38131808996,COMPLETE,"{""alpha"": 0.8832783168089755}"
4,ridge,18,407.9444721675529,COMPLETE,"{""alpha"": 0.05043523377950302}"
4,ridge,19,398.5289644642575,COMPLETE,"{""alpha"": 0.0040032290030253504}"
4,random_forest,0,790.214005277607,COMPLETE,"{""max_depth"": 19, ""max_features"": 0.7852124345407848, ""min_samples_leaf"": 1, ""n_estimators"": 200}"
4,random_forest,1,913.6390789555459,COMPLETE,"{""max_depth"": 8, ""max_features"": 0.5907694607366974, ""min_samples_leaf"": 6, ""n_estimators"": 175}"
4,random_forest,2,807.224204503846,COMPLETE,"{""max_depth"": 11, ""max_features"": 0.748462328745093, ""min_samples_leaf"": 8, ""n_estimators"": 125}"
4,random_forest,3,861.2313081667426,COMPLETE,"{""max_depth"": 11, ""max_features"": 0.6059557001297833, ""min_samples_leaf"": 4, ""n_estimators"": 200}"
4,random_forest,4,821.1851205098143,COMPLETE,"{""max_depth"": 16, ""max_features"": 0.7025864321640389, ""min_samples_leaf"": 8, ""n_estimators"": 75}"
4,random_forest,5,835.9339092455177,COMPLETE,"{""max_depth"": 6, ""max_features"": 0.6744094185060974, ""min_samples_leaf"": 5, ""n_estimators"": 250}"
4,random_forest,6,743.9019902088544,COMPLETE,"{""max_depth"": 15, ""max_features"": 0.7965553122170892, ""min_samples_leaf"": 3, ""n_estimators"": 250}"
4,random_forest,7,642.3674110289442,COMPLETE,"{""max_depth"": 16, ""max_features"": 0.9667994945881786, ""min_samples_leaf"": 3, ""n_estimators"": 125}"
4,random_forest,8,703.3622266124823,COMPLETE,"{""max_depth"": 7, ""max_features"": 0.9247359882491126, ""min_samples_leaf"": 1, ""n_estimators"": 250}"
4,random_forest,9,750.972864158504,COMPLETE,"{""max_depth"": 10, ""max_features"": 0.7761443611807135, ""min_samples_leaf"": 4, ""n_estimators"": 150}"
4,random_forest,10,816.1586021923704,COMPLETE,"{""max_depth"": 4, ""max_features"": 0.9872493576147731, ""min_samples_leaf"": 2, ""n_estimators"": 75}"
4,random_forest,11,700.5233337125793,COMPLETE,"{""max_depth"": 20, ""max_features"": 0.9664187045383441, ""min_samples_leaf"": 1, ""n_estimators"": 125}"
4,random_forest,12,675.2162505825352,COMPLETE,"{""max_depth"": 20, ""max_features"": 0.9022459871870198, ""min_samples_leaf"": 2, ""n_estimators"": 125}"
4,random_forest,13,703.2846817480233,COMPLETE,"{""max_depth"": 16, ""max_features"": 0.8817821860403556, ""min_samples_leaf"": 3, ""n_estimators"": 100}"
4,random_forest,14,701.3995735959422,COMPLETE,"{""max_depth"": 18, ""max_features"": 0.8658778050146397, ""min_samples_leaf"": 3, ""n_estimators"": 125}"
4,random_forest,15,707.1655646598913,COMPLETE,"{""max_depth"": 13, ""max_features"": 0.8690074442333856, ""min_samples_leaf"": 2, ""n_estimators"": 150}"
4,random_forest,16,671.9403063559738,COMPLETE,"{""max_depth"": 18, ""max_features"": 0.930778547694314, ""min_samples_leaf"": 6, ""n_estimators"": 100}"
4,random_forest,17,967.4047099887973,COMPLETE,"{""max_depth"": 14, ""max_features"": 0.5030139348524271, ""min_samples_leaf"": 6, ""n_estimators"": 100}"
4,random_forest,18,677.7831301546454,COMPLETE,"{""max_depth"": 17, ""max_features"": 0.9482563304236552, ""min_samples_leaf"": 7, ""n_estimators"": 100}"
4,random_forest,19,729.9745977921218,COMPLETE,"{""max_depth"": 13, ""max_features"": 0.8336654374198569, ""min_samples_leaf"": 5, ""n_estimators"": 150}"
4,gradient_boosting,0,672.9576894811684,COMPLETE,"{""learning_rate"": 0.1170925825792525, ""max_depth"": 4, ""min_samples_leaf"": 6, ""n_estimators"": 225}"
4,gradient_boosting,1,4865.403621898169,COMPLETE,"{""learning_rate"": 0.012174236863670597, ""max_depth"": 3, ""min_samples_leaf"": 3, ""n_estimators"": 50}"
4,gradient_boosting,2,2506.205714662237,COMPLETE,"{""learning_rate"": 0.018047778468468174, ""max_depth"": 5, ""min_samples_leaf"": 7, ""n_estimators"": 75}"
4,gradient_boosting,3,665.9379624243786,COMPLETE,"{""learning_rate"": 0.09171216010133489, ""max_depth"": 3, ""min_samples_leaf"": 4, ""n_estimators"": 125}"
4,gradient_boosting,4,1415.212933584457,COMPLETE,"{""learning_rate"": 0.028444581503363937, ""max_depth"": 5, ""min_samples_leaf"": 7, ""n_estimators"": 75}"
4,gradient_boosting,5,1146.3976832378376,COMPLETE,"{""learning_rate"": 0.04969732471606366, ""max_depth"": 4, ""min_samples_leaf"": 5, ""n_estimators"": 50}"
4,gradient_boosting,6,708.6936691084022,COMPLETE,"{""learning_rate"": 0.17718493536673197, ""max_depth"": 5, ""min_samples_leaf"": 6, ""n_estimators"": 150}"
4,gradient_boosting,7,705.0638326472782,COMPLETE,"{""learning_rate"": 0.07105444481874279, ""max_depth"": 5, ""min_samples_leaf"": 2, ""n_estimators"": 250}"
4,gradient_boosting,8,4924.584737586794,COMPLETE,"{""learning_rate"": 0.011911765548521943, ""max_depth"": 3, ""min_samples_leaf"": 8, ""n_estimators"": 50}"
4,gradient_boosting,9,711.7179550521711,COMPLETE,"{""learning_rate"": 0.08779766058496967, ""max_depth"": 3, ""min_samples_leaf"": 8, ""n_estimators"": 50}"
4,gradient_boosting,10,723.3856927824839,COMPLETE,"{""learning_rate"": 0.03821549432944162, ""max_depth"": 2, ""min_samples_leaf"": 1, ""n_estimators"": 150}"
4,gradient_boosting,11,690.3645183004991,COMPLETE,"{""learning_rate"": 0.17136863902370453, ""max_depth"": 4, ""min_samples_leaf"": 4, ""n_estimators"": 250}"
4,gradient_boosting,12,678.8896483660952,COMPLETE,"{""learning_rate"": 0.09137465101058637, ""max_depth"": 4, ""min_samples_leaf"": 5, ""n_estimators"": 200}"
4,gradient_boosting,13,700.3905824339275,COMPLETE,"{""learning_rate"": 0.109779139349464, ""max_depth"": 2, ""min_samples_leaf"": 4, ""n_estimators"": 150}"
4,gradient_boosting,14,669.5113035220809,COMPLETE,"{""learning_rate"": 0.13040049139244997, ""max_depth"": 3, ""min_samples_leaf"": 5, ""n_estimators"": 200}"
4,gradient_boosting,15,673.1692983771301,COMPLETE,"{""learning_rate"": 0.05939312563189923, ""max_depth"": 3, ""min_samples_leaf"": 3, ""n_estimators"": 175}"
4,gradient_boosting,16,719.6418856844809,COMPLETE,"{""learning_rate"": 0.13746794524763242, ""max_depth"": 2, ""min_samples_leaf"": 4, ""n_estimators"": 100}"
4,gradient_boosting,17,668.3416792880654,COMPLETE,"{""learning_rate"": 0.193170058772233, ""max_depth"": 3, ""min_samples_leaf"": 5, ""n_estimators"": 125}"
4,gradient_boosting,18,715.5884058915636,COMPLETE,"{""learning_rate"": 0.18227682284109745, ""max_depth"": 2, ""min_samples_leaf"": 3, ""n_estimators"": 125}"
4,gradient_boosting,19,678.6943126018864,COMPLETE,"{""learning_rate"": 0.078311251549467, ""max_depth"": 3, ""min_samples_leaf"": 1, ""n_estimators"": 125}"
5,ridge,0,289.0910645062823,COMPLETE,"{""alpha"": 0.002574637265372323}"
5,ridge,1,481.8697136397677,COMPLETE,"{""alpha"": 4.226556433598341}"
5,ridge,2,315.9245841732392,COMPLETE,"{""alpha"": 0.3537033542806498}"
5,ridge,3,564.3576183791527,COMPLETE,"{""alpha"": 11.06839932063352}"
5,ridge,4,356.6819099532994,COMPLETE,"{""alpha"": 0.9271232033830168}"
5,ridge,5,290.1754378295565,COMPLETE,"{""alpha"": 0.02181345458000026}"
5,ridge,6,434.05044429285215,COMPLETE,"{""alpha"": 2.537131790496307}"
5,ridge,7,636.1501689775405,COMPLETE,"{""alpha"": 54.9635879207847}"
5,ridge,8,456.9264976296993,COMPLETE,"{""alpha"": 3.2466424120323043}"
5,ridge,9,295.41108169380595,COMPLETE,"{""alpha"": 0.09635846372350376}"
5,ridge,10,289.03410771063756,COMPLETE,"{""alpha"": 0.0014561588989317673}"
5,ridge,11,289.01647732164736,COMPLETE,"{""alpha"": 0.0011072649014981536}"
5,ridge,12,289.01193486467685,COMPLETE,"{""alpha"": 0.0010171612723510874}"
5,ridge,13,289.3378742300086,COMPLETE,"{""alpha"": 0.007254741484103101}"
5,ridge,14,289.63563760908573,COMPLETE,"{""alpha"": 0.012641604462197899}"
5,ridge,15,289.0240688570699,COMPLETE,"{""alpha"": 0.0012576556728529213}"
5,ridge,16,292.9151373246675,COMPLETE,"{""alpha"": 0.06268420984239549}"
5,ridge,17,289.1874855811355,COMPLETE,"{""alpha"": 0.004432737808927395}"
5,ridge,18,291.5306736460095,COMPLETE,"{""alpha"": 0.04284227968247817}"
5,ridge,19,289.0262453216018,COMPLETE,"{""alpha"": 0.0013007276005644252}"
5,random_forest,0,854.705972075399,COMPLETE,"{""max_depth"": 7, ""max_features"": 0.5876626229086614, ""min_samples_leaf"": 2, ""n_estimators"": 250}"
5,random_forest,1,821.2323142081789,COMPLETE,"{""max_depth"": 16, ""max_features"": 0.6291303407162755, ""min_samples_leaf"": 7, ""n_estimators"": 75}"
5,random_forest,2,702.3838822564119,COMPLETE,"{""max_depth"": 19, ""max_features"": 0.9302492521755003, ""min_samples_leaf"": 1, ""n_estimators"": 150}"
5,random_forest,3,690.5057159505438,COMPLETE,"{""max_depth"": 9, ""max_features"": 0.9475272425428123, ""min_samples_leaf"": 2, ""n_estimators"": 100}"
5,random_forest,4,810.7328050076419,COMPLETE,"{""max_depth"": 5, ""max_features"": 0.706752976883075, ""min_samples_leaf"": 8, ""n_estimators"": 250}"
5,random_forest,5,712.027677950859,COMPLETE,"{""max_depth"": 10, ""max_features"": 0.8272920602238376, ""min_samples_leaf"": 3, ""n_estimators"": 175}"
5,random_forest,6,747.9892150306205,COMPLETE,"{""max_depth"": 5, ""max_features"": 0.8303537165772169, ""min_samples_leaf"": 5, ""n_estimators"": 225}"
5,random_forest,7,708.2298031917252,COMPLETE,"{""max_depth"": 12, ""max_features"": 0.8373493517347956, ""min_samples_leaf"": 6, ""n_estimators"": 175}"
5,random_forest,8,728.5306121411139,COMPLETE,"{""max_depth"": 15, ""max_features"": 0.7519420084778785, ""min_samples_leaf"": 5, ""n_estimators"": 150}"
5,random_forest,9,820.3288300342035,COMPLETE,"{""max_depth"": 11, ""max_features"": 0.6495844774065916, ""min_samples_leaf"": 4, ""n_estimators"": 125}"
5,random_forest,10,918.5465600513074,COMPLETE,"{""max_depth"": 20, ""max_features"": 0.5062403291476263, ""min_samples_leaf"": 1, ""n_estimators"": 75}"
5,random_forest,11,685.7028301367627,COMPLETE,"{""max_depth"": 20, ""max_features"": 0.9764252077476895, ""min_samples_leaf"": 1, ""n_estimators"": 125}"
5,random_forest,12,678.9952925278828,COMPLETE,"{""max_depth"": 16, ""max_features"": 0.9930351152169077, ""min_samples_leaf"": 2, ""n_estimators"": 100}"
5,random_forest,13,673.7822727140169,COMPLETE,"{""max_depth"": 16, ""max_features"": 0.9902454840176304, ""min_samples_leaf"": 3, ""n_estimators"": 125}"
5,random_forest,14,675.8591974137263,COMPLETE,"{""max_depth"": 15, ""max_features"": 0.9912332014840198, ""min_samples_leaf"": 3, ""n_estimators"": 100}"
5,random_forest,15,677.4528823920533,COMPLETE,"{""max_depth"": 14, ""max_features"": 0.9000956809134077, ""min_samples_leaf"": 4, ""n_estimators"": 100}"
5,random_forest,16,694.1805823855859,COMPLETE,"{""max_depth"": 18, ""max_features"": 0.8913751042902962, ""min_samples_leaf"": 3, ""n_estimators"": 125}"
5,random_forest,17,667.3582259090055,COMPLETE,"{""max_depth"": 14, ""max_features"": 0.999394424664779, ""min_samples_leaf"": 3, ""n_estimators"": 200}"
5,random_forest,18,687.6150615116056,COMPLETE,"{""max_depth"": 13, ""max_features"": 0.8838560226201604, ""min_samples_leaf"": 4, ""n_estimators"": 200}"
5,random_forest,19,674.2505332817809,COMPLETE,"{""max_depth"": 17, ""max_features"": 0.9439416417956582, ""min_samples_leaf"": 5, ""n_estimators"": 200}"
5,gradient_boosting,0,1594.8719238318386,COMPLETE,"{""learning_rate"": 0.0159488328662838, ""max_depth"": 3, ""min_samples_leaf"": 2, ""n_estimators"": 125}"
5,gradient_boosting,1,1052.0040289348303,COMPLETE,"{""learning_rate"": 0.021606518202181863, ""max_depth"": 3, ""min_samples_leaf"": 6, ""n_estimators"": 125}"
5,gradient_boosting,2,796.6028270502363,COMPLETE,"{""learning_rate"": 0.023261903246528205, ""max_depth"": 5, ""min_samples_leaf"": 8, ""n_estimators"": 150}"
5,gradient_boosting,3,663.796894121094,COMPLETE,"{""learning_rate"": 0.05311115571433224, ""max_depth"": 3, ""min_samples_leaf"": 6, ""n_estimators"": 250}"
5,gradient_boosting,4,663.7195875828905,COMPLETE,"{""learning_rate"": 0.12299297867928041, ""max_depth"": 3, ""min_samples_leaf"": 4, ""n_estimators"": 150}"
5,gradient_boosting,5,677.4860843603952,COMPLETE,"{""learning_rate"": 0.03846254428715325, ""max_depth"": 2, ""min_samples_leaf"": 4, ""n_estimators"": 225}"
5,gradient_boosting,6,811.6945619249952,COMPLETE,"{""learning_rate"": 0.031193957364416474, ""max_depth"": 2, ""min_samples_leaf"": 4, ""n_estimators"": 125}"
5,gradient_boosting,7,761.8581549357962,COMPLETE,"{""learning_rate"": 0.17548802133674887, ""max_depth"": 2, ""min_samples_leaf"": 2, ""n_estimators"": 175}"
5,gradient_boosting,8,655.6534819642027,COMPLETE,"{""learning_rate"": 0.026604869601701605, ""max_depth"": 3, ""min_samples_leaf"": 8, ""n_estimators"": 250}"
5,gradient_boosting,9,1814.9703534476162,COMPLETE,"{""learning_rate"": 0.01431002840469836, ""max_depth"": 4, ""min_samples_leaf"": 1, ""n_estimators"": 125}"
5,gradient_boosting,10,720.6113755585442,COMPLETE,"{""learning_rate"": 0.08560032274417294, ""max_depth"": 5, ""min_samples_leaf"": 8, ""n_estimators"": 50}"
5,gradient_boosting,11,686.0285928000059,COMPLETE,"{""learning_rate"": 0.18152256786115528, ""max_depth"": 4, ""min_samples_leaf"": 6, ""n_estimators"": 200}"
5,gradient_boosting,12,707.547242176647,COMPLETE,"{""learning_rate"": 0.08492953488005925, ""max_depth"": 4, ""min_samples_leaf"": 4, ""n_estimators"": 50}"
5,gradient_boosting,13,1159.8725898852058,COMPLETE,"{""learning_rate"": 0.01007985824329719, ""max_depth"": 3, ""min_samples_leaf"": 7, ""n_estimators"": 250}"
5,gradient_boosting,14,655.353910519073,COMPLETE,"{""learning_rate"": 0.10258325747715343, ""max_depth"": 3, ""min_samples_leaf"": 5, ""n_estimators"": 75}"
5,gradient_boosting,15,707.4636121750402,COMPLETE,"{""learning_rate"": 0.06177881428192959, ""max_depth"": 4, ""min_samples_leaf"": 5, ""n_estimators"": 75}"
5,gradient_boosting,16,858.039214560204,COMPLETE,"{""learning_rate"": 0.04811547134804796, ""max_depth"": 2, ""min_samples_leaf"": 7, ""n_estimators"": 75}"
5,gradient_boosting,17,675.5800880912577,COMPLETE,"{""learning_rate"": 0.10887852009010571, ""max_depth"": 3, ""min_samples_leaf"": 3, ""n_estimators"": 200}"
5,gradient_boosting,18,869.240537465694,COMPLETE,"{""learning_rate"": 0.031026772436534046, ""max_depth"": 4, ""min_samples_leaf"": 7, ""n_estimators"": 100}"
5,gradient_boosting,19,1558.2064069535907,COMPLETE,"{""learning_rate"": 0.010151207763529837, ""max_depth"": 3, ""min_samples_leaf"": 5, ""n_estimators"": 200}"
