Date,actual,naive_last,seasonal_naive_7,arima,sarimax,prophet,lstm,gru,cnn_1d
2021-06-17,943.24,944.78,939.27,935.126224280224,935.617395719514,902.3759642230964,917.0923466905951,936.3587127476931,913.2909342125058
2021-06-18,930.57,944.78,919.59,932.5906209513339,932.1051769838496,900.8541972227115,914.0506621748209,934.1678921021521,915.712544336915
2021-06-19,920.42,944.78,931.34,931.8278854242033,931.1071219797942,900.1988551249063,914.5346945300698,932.5614319294691,917.6302133202553
2021-06-20,906.05,944.78,943.31,932.1473201206362,930.7555209463267,900.0034392729054,916.4949524179101,931.2326623434201,919.6865169629455
2021-06-22,946.71,944.78,941.67,933.1172837011561,930.6414161400477,895.7104893609031,919.915422655642,930.0442383280024,921.4433472827077
2021-06-23,940.92,944.78,945.29,933.1349151706079,930.6114780588157,895.4047146707195,924.1113049592823,928.9321766691282,922.5592862069607
2021-06-24,944.12,944.78,944.78,932.7067868059622,930.6248742282087,895.0872991949785,926.2095846924931,927.8623233232647,923.3059676997364
2021-06-25,947.04,944.78,939.27,932.3876854212306,930.6147581982541,894.0346838248437,927.3960472363979,926.8200646108016,923.5273922607303
2021-06-26,946.67,944.78,919.59,932.2096926440182,930.6034388305058,893.8941701830593,928.0343034984544,925.79672177881,923.3639249652624
2021-06-27,930.64,944.78,931.34,932.2302040728106,930.5427152317122,894.2440753148301,928.3702759286389,924.7876898869872,923.1091003753245
2021-06-28,917.98,944.78,943.31,932.3149235859554,930.5790942760433,889.0205524312235,928.5706847710535,923.791080314666,924.1644660718739
2021-06-29,947.7,944.78,941.67,932.3498707085557,930.6024698646804,891.0745507615494,928.7133090561256,922.8058034665883,926.5508160535246
2021-07-01,944.64,944.78,945.29,932.3411130125908,930.6078861447171,891.529379017018,929.4982959653717,921.8401106595993,927.3219515914097
2021-07-03,944.92,944.78,944.78,932.3134533197448,930.5924573497794,891.2800971497063,929.7549399093259,920.8817822895944,927.1670861970633
2021-07-04,944.24,944.78,939.27,932.2922874846851,930.5990613321421,892.0309065320108,929.922231457429,919.9305536262691,926.8085871851072
2021-07-05,946.67,944.78,919.59,932.2886202839277,930.6075821558029,887.1534746146273,930.0446763916407,918.9863326475024,926.4153504893184
2021-07-06,943.95,944.78,931.34,932.2939782454977,930.6551362098526,889.4954377188558,930.1587453123648,918.0517906621099,926.0337834320962
2021-07-07,933.59,944.78,943.31,932.2992189219896,930.6265615523536,889.9687582624651,930.2600907161832,917.1273804455996,925.5963896214962
2021-07-08,932.5,944.78,941.67,932.3007754498024,930.6082106043642,890.3473752097093,930.3622516077012,916.2151824980974,925.1895778290927
2021-07-10,839.18,944.78,945.29,932.2992621279112,930.6039582833902,890.265347255387,930.451886988245,915.3155008926988,924.7992953434587
2021-07-12,812.57,944.78,944.78,932.2972753162329,930.6160653317532,886.1049151908267,930.5419294666499,914.430661521852,924.4468032754958
2021-07-13,813.07,944.78,939.27,932.2963709923838,930.6108827852105,888.3678760211832,930.643623912707,913.5630422905087,924.0948580056429
2021-07-14,837.27,944.78,919.59,932.2964959272053,930.6041961230907,888.7291111283523,930.7204092042521,912.7121430784464,923.6937902607024
2021-07-15,891.46,944.78,931.34,932.2969838357485,930.5668785885972,888.9691433370557,930.7960537215695,911.8810206204653,923.419465649873
2021-07-16,944.12,944.78,943.31,932.2972896638856,930.5893022357652,888.3623028123568,930.8672765092924,911.0714113339782,923.284478534013
2021-07-17,954.58,944.78,941.67,932.297289522442,930.6037029407694,888.5566088712656,930.9769922168925,910.2875429019332,922.8996760323644
2021-07-18,949.17,944.78,945.29,932.2971455214072,930.6070399029473,889.1336526311862,931.0557819902897,909.527762927115,922.5033680982888
2021-07-19,933.36,944.78,944.78,932.2970288497729,930.5975390290699,884.0350988814921,931.105088009499,908.7930143028498,922.0206107161939
2021-07-20,874.51,944.78,939.27,932.2970002483825,930.6016059757862,886.1192931939818,931.1492599612102,908.0861377120018,921.520095732063
2021-07-21,919.75,944.78,919.59,932.2970298010512,930.6068532607663,886.308637324998,931.1763226334006,907.407900005579,921.1399383470416
2021-07-22,925.36,944.78,931.34,932.2970645395203,930.6361377879165,886.3869557339895,931.1936851404607,906.7598402202129,921.2343570441008
2021-07-23,938.22,944.78,943.31,932.2970773838343,930.6185410759888,885.6310836439744,931.299035965465,906.1442949175835,921.3532156161964
2021-07-24,949.56,944.78,941.67,932.2970712317127,930.6072402801988,885.6907710358144,931.4034480648115,905.5611600726843,921.4239026084542
2021-07-25,951.8,944.78,945.29,932.2970603045209,930.604621635617,886.1486187408649,931.4937484385446,905.010497033596,921.4482758007944
2021-07-26,949.56,944.78,944.78,932.2970544463793,930.6120773425066,880.9466610429484,931.5685092434287,904.4921484291553,921.4363936111331
2021-07-27,950.47,944.78,939.27,932.2970547700246,930.6088858505403,882.943075916111,931.6282314332202,904.0057301670313,921.4002082459629
2021-07-28,939.94,944.78,919.59,932.2970576135182,930.6047681010277,883.0596803434423,931.6749506639317,903.5506634414196,921.3502282314003
2021-07-29,952.02,944.78,931.34,932.2970596398875,930.5817873885534,883.0794274320834,931.7140817372128,903.1261613965034,921.297616250813
2021-07-30,945.0,944.78,943.31,932.2970598986608,930.5955962158304,882.2781293716512,931.7480158945546,902.7312664687634,921.2486791536212
2021-07-31,951.99,944.78,941.67,932.2970591616343,930.6044643917598,882.3044942189821,931.7782011507079,902.3648743927479,921.190049059689
2021-08-01,951.27,944.78,945.29,932.2970584621482,930.6065193444623,882.7401864725595,931.8055083816871,902.02576354146,921.0889407545328
2021-08-02,949.64,944.78,944.78,932.2970582475401,930.6006685600039,877.5265200830373,931.8304423755035,901.7126242667437,920.9442713111639
2021-08-03,949.8,944.78,939.27,932.2970583948663,930.6031730484276,879.5212599101372,931.8533178744838,901.4240829050541,920.7840888053179
2021-08-04,950.12,944.78,919.59,932.2970586048356,930.6064044073328,879.6461847911773,931.8735877471045,901.158723115921,920.6249158754945
2021-08-05,947.21,944.78,931.34,932.2970586996079,930.6244382701682,879.6846256516944,931.8920515188947,900.915131226182,920.471907094121
2021-08-07,951.85,944.78,943.31,932.2970586768957,930.613601943953,878.9818335788608,931.908948247321,900.6918908953667,920.3259333372116
2021-08-08,954.09,944.78,941.67,932.2970586156151,930.6066427398599,879.4737681349303,931.9244463061914,900.4876124560833,920.187694773078
2021-08-09,954.41,944.78,945.29,932.2970585779444,930.6050301381963,874.3321842532865,931.9386590560898,900.3009515851736,920.0566245988011
2021-08-10,955.41,944.78,944.78,932.2970585763082,930.6096214773256,876.4168991754032,931.95169218909,900.1306013017893,919.9323280528188
2021-08-11,952.5,944.78,939.27,932.2970585920357,930.6076561074201,876.6518078407832,931.9636307256296,899.9753213077784,919.8142703399062
2021-08-12,944.81,944.78,919.59,932.2970586049205,930.605120333852,876.8222815965113,931.9745673546568,899.8339246511459,919.7020913735032
2021-08-14,952.98,944.78,931.34,932.2970586077344,930.5909684571802,876.4565769098155,931.9845744268969,899.7052910625935,919.5964753180742
2021-08-15,949.18,944.78,943.31,932.2970586040311,930.5994721456897,877.1558937264492,931.9937102897093,899.5883776247501,919.496807359159
2021-08-16,943.23,944.78,941.67,932.297058599852,930.6049333050074,872.248096623693,932.0020652981475,899.4821947664022,919.3999847508967
2021-08-17,905.46,944.78,945.29,932.2970585982746,930.6061987765303,874.5924032110097,932.0096998000517,899.385827600956,919.3069930635393
2021-08-18,949.34,944.78,944.78,932.2970585989409,930.6025957733518,875.1111858941254,932.0166751435027,899.298425257206,919.2213484756649
2021-08-19,951.48,944.78,939.27,932.2970586001712,930.6041380758952,875.5872879266889,932.0230056652799,899.2192008793354,919.1444606594741
2021-08-20,952.7,944.78,919.59,932.2970586008217,930.6061279964757,875.2955571744208,932.0287710512057,899.1474236249924,919.0779093280435
2021-08-21,948.7,944.78,931.34,932.2970586007661,930.6172335269525,875.8826948112478,932.0340429851785,899.0824320018291,919.0208602808416
2021-08-22,951.15,944.78,943.31,932.2970586004259,930.6105603503769,876.9271386328237,932.0388651443645,899.0236098617315,918.9665812328458
2021-08-23,946.85,944.78,941.67,932.297058600186,930.6062747653164,872.3655994713173,932.0432915417477,898.9703890681267,918.908472597599
2021-08-24,930.07,944.78,945.29,932.2970586001537,930.6052817003759,875.0497362924405,932.047362186946,898.9222574979067,918.8464803621173
2021-08-25,927.34,944.78,944.78,932.2970586002374,930.6081091177238,875.8936320635231,932.0510280681774,898.8787403702736,918.7816701158881
2021-08-26,940.08,944.78,939.27,932.297058600317,930.6068988126669,876.6712917320974,932.0543198594823,898.839408248663,918.7150194272399
2021-08-27,949.09,944.78,919.59,932.2970586003406,930.6053372442498,876.6483907497203,932.0572775704786,898.8038663715124,918.6472604721785
2021-08-28,951.09,944.78,931.34,932.2970586003228,930.5966223006396,877.4623660590861,932.0599395437166,898.7717573195696,918.5788573622704
2021-08-29,950.43,944.78,943.31,932.2970586002981,930.6018590029906,878.6825627806018,932.0623421212658,898.742761015892,918.5100181475282
2021-08-30,926.04,944.78,941.67,932.297058600287,930.6052220690068,874.2370476630351,932.0645173108205,898.7165760546923,918.4407301582396
2021-08-31,944.85,944.78,945.29,932.2970586002896,930.6060013658604,876.9695667032032,932.0664897849783,898.6929357051849,918.371042072773
2021-09-01,948.33,944.78,944.78,932.2970586002966,930.6037825810125,877.7873003317588,932.0682798819616,898.6715919077396,918.3015547022223
2021-09-02,952.84,944.78,939.27,932.2970586003009,930.604732354672,878.4586285630561,932.0699062729254,898.6523312777281,918.2333369702101
2021-09-03,951.0,944.78,919.59,932.297058600301,930.6059577784126,878.2451256298102,932.0713832946494,898.6349510997534,918.167194403708
2021-09-04,949.09,944.78,931.34,932.2970586002992,930.6127967351185,878.7818674189597,932.0727252839133,898.6192673295736,918.1033910661936
2021-09-05,950.82,944.78,943.31,932.2970586002978,930.6086872902085,879.6377569360754,932.0739442436025,898.6051145941019,918.041906952858
2021-09-07,939.42,944.78,941.67,932.2970586002974,930.6060481609252,876.943504544718,932.0750515097752,898.5923488587141,917.9826380386949
2021-09-10,947.98,944.78,945.29,932.2970586002979,930.6054366162405,876.2039815779154,932.07605841849,898.5808340907097,917.9254549592733
2021-09-11,910.81,944.78,944.78,932.2970586002983,930.6071777833888,875.9622814641642,932.0769726382568,898.5704475939274,917.8702243492007
2021-09-12,943.48,944.78,939.27,932.2970586002986,930.6064324588947,876.007673928571,932.0778035046533,898.5610800087452,917.816819511354
2021-09-14,946.35,944.78,919.59,932.2970586002984,930.6054708210135,871.6576330108093,932.0785583527759,898.5526299774647,917.7651230841875
2021-09-15,949.48,944.78,931.34,932.2970586002983,930.6001040245179,871.0558693849905,932.0792438508943,898.5450094789267,917.7150230407715
2021-09-16,949.97,944.78,943.31,932.2970586002982,930.603328866477,870.2733114273323,932.0798660004511,898.5381411612034,917.666407354176
2021-09-17,949.88,944.78,941.67,932.2970586002982,930.6053998943249,868.5988400082615,932.0804314697161,898.5319476723671,917.619151994586
2021-09-21,949.05,944.78,945.29,932.2970586002982,930.6058797973294,861.9643992398555,932.080944259651,898.5263596624136,917.5731822773814
2021-09-22,945.54,944.78,944.78,932.2970586002982,930.6045134354482,861.1143773459048,932.081410038285,898.5213237851858,917.5284408554435
2021-09-23,936.46,944.78,939.27,932.2970586002982,930.6050983206953,860.2131251390513,932.0818328065798,898.516781359911,917.4848277047276
2021-09-24,944.93,944.78,919.59,932.2970586002982,930.6058529555078,858.555190743747,932.0822165654972,898.5126870423555,917.4421721175313
2021-09-25,949.68,944.78,931.34,932.2970586002982,930.6100644903753,857.8071701367226,932.0825649825856,898.5089981555939,917.4002580419183
2021-10-11,951.53,944.78,943.31,932.2970586002982,930.6075338309093,851.8052736918463,932.0828813919798,898.5056693553925,917.358858756721
2021-10-12,951.73,944.78,941.67,932.2970586002982,930.605908614451,855.0345290715101,932.0831677941605,898.502668634057,917.3178222253919
2021-10-13,950.63,944.78,945.29,932.2970586002982,930.6055320158156,856.3986290997611,932.0834281900898,898.4999639838934,917.277163118124
2021-10-14,948.31,944.78,944.78,932.2970586002982,930.6066042533616,857.6585145546783,932.0836642468348,898.497528731823,917.2369827926159
2021-10-15,952.21,944.78,939.27,932.2970586002982,930.6061452710593,858.0689578346809,932.083878965117,898.4953282028437,917.1973799392581
2021-10-16,944.54,944.78,919.59,932.2970586002982,930.6055530796416,859.2590237913545,932.0840730117634,898.4933490604162,917.1584292426705
2021-10-17,948.23,944.78,931.34,932.2970586002982,930.6022481237046,860.7925078510222,932.0842490540817,898.4915592968464,917.1201813817024
2021-10-18,948.35,944.78,943.31,932.2970586002982,930.6042340310494,856.5949525243369,932.084409092553,898.4899482429028,917.0826817005873
2021-10-19,938.46,944.78,941.67,932.2970586002982,930.6055094018944,859.5107123256546,932.084554460831,898.4884998947382,917.0459608733654
2021-10-20,916.54,944.78,945.29,932.2970586002982,930.6058049335556,860.450715948611,932.0846858257428,898.487190246582,917.0100482404232
2021-10-21,947.36,944.78,944.78,932.2970586002982,930.6049635068656,861.1901365432991,932.0848055211827,898.4860112965107,916.9749758094549
2021-10-22,929.32,944.78,939.27,932.2970586002982,930.6053236882087,861.0001911408434,932.0849135471508,898.4849497079849,916.9407702535391
2021-10-23,944.97,944.78,919.59,932.2970586002982,930.6057884039485,861.528157129665,932.0850125709549,898.4839921444654,916.9074315726757
2021-10-24,950.36,944.78,931.34,932.2970586002982,930.6083819319825,862.3573185576016,932.085101925768,898.483125269413,916.8749450966716
2021-10-25,949.75,944.78,943.31,932.2970586002982,930.6068235129082,857.4334564875389,932.085182945244,898.4823464155197,916.8432748168707
2021-10-26,943.52,944.78,941.67,932.2970586002982,930.605822679583,859.6213675688232,932.08525629621,898.4816422462463,916.812384724617
2021-10-27,930.2,944.78,945.29,932.2970586002982,930.6055907643432,859.8520744371966,932.0853229789063,898.4810127615929,916.7822361439466
2021-10-28,946.79,944.78,944.78,932.2970586002982,930.6062510647378,859.9199537747559,932.0853833267465,898.4804419577122,916.7527943998575
2021-10-29,938.15,944.78,939.27,932.2970586002982,930.6059684163671,859.1140178671889,932.0854386733845,898.4799271672964,916.7240274846554
2021-10-30,943.23,944.78,919.59,932.2970586002982,930.6056037357716,859.0974517480197,932.0854883519933,898.4794657230377,916.6959007233381
2021-10-31,949.51,944.78,931.34,932.2970586002982,930.6035684930055,859.4671318865675,932.0855340296403,898.4790496230125,916.6683901101351
2021-11-01,942.89,944.78,943.31,932.2970586002982,930.6047914453337,854.1797524565895,932.0855750394985,898.4786735326052,916.6414689719677
2021-11-02,944.24,944.78,941.67,932.2970586002982,930.6055768383424,856.1080534493389,932.0856127152219,898.4783347845078,916.6151106357574
2021-11-03,954.86,944.78,945.29,932.2970586002982,930.6057588312909,856.1878223508195,932.0856467233971,898.4780280441046,916.5892950966954
2021-11-04,934.28,944.78,944.78,932.2970586002982,930.6052406677762,856.2149010927388,932.0856773974374,898.4777533113956,916.5640023499727
2021-11-05,948.93,944.78,939.27,932.2970586002982,930.6054624729945,855.476437593107,932.0857054041699,898.4775025844574,916.5392150580883
2021-11-06,781.8,944.78,919.59,932.2970586002982,930.6057486521042,855.6304849494906,932.085730410181,898.4772785305977,916.5149145498872
2021-11-07,884.41,944.78,931.34,932.2970586002982,930.607345786611,856.2656726745168,932.0857534157112,898.4770758152008,916.4910861551762
2021-11-16,927.33,944.78,943.31,932.2970586002982,930.6063860881435,854.6584091003024,932.0857744207606,898.4768944382668,916.4677232056856
2021-11-17,944.12,944.78,941.67,932.2970586002982,930.6057697595677,855.5431971995924,932.085793425329,898.4767317324877,916.4448190331459
2021-11-18,945.77,944.78,945.29,932.2970586002982,930.6056269425914,856.3220307230772,932.0858104294166,898.4765823632479,916.422373637557
2021-11-19,891.53,944.78,944.78,932.2970586002982,930.6060335657437,856.2509528130045,932.0858264332637,898.4764489978552,916.4003896862268
2021-11-20,943.46,944.78,939.27,932.2970586002982,930.6058595065239,856.9589894834011,932.0858401032165,898.4763316363096,916.3788685128093
2021-11-21,947.85,944.78,919.59,932.2970586002982,930.6056349305967,858.0086590642219,932.0858531063423,898.4762222766876,916.3578087836504
2021-11-22,944.8,944.78,931.34,932.2970586002982,930.6043815967561,853.3230965719257,932.0858644424006,898.4761262536049,916.3372064977884
2021-11-23,940.96,944.78,943.31,932.2970586002982,930.6051347096347,855.743259786025,932.085875111632,898.4760355651379,916.3170549869537
2021-11-24,883.0,944.78,941.67,932.2970586002982,930.6056183667454,856.1758618033754,932.085884780623,898.4759555459023,916.2973489165306
2021-11-25,939.99,944.78,945.29,932.2970586002982,930.605730440806,856.3912361146182,932.085893782787,898.475886195898,916.2780816182494
2021-11-26,922.45,944.78,944.78,932.2970586002982,930.6054113477334,855.6553498464326,932.0859014512971,898.4758221805096,916.2592410892248
2021-11-27,927.21,944.78,939.27,932.2970586002982,930.6055479388028,855.6100472098559,932.0859087863937,898.4757608324289,916.2408179938793
2021-11-30,948.18,944.78,919.59,932.2970586002982,930.605724172306,851.7673155533307,932.0859147878364,898.4757128208876,916.2228029966354
2021-12-01,948.29,944.78,931.34,932.2970586002982,930.6067077123331,851.2656034024548,932.085920789279,898.4756621420383,916.2051854282618
2021-12-02,949.2,944.78,943.31,932.2970586002982,930.6061167152363,850.5519006495022,932.0859261238948,898.4756221324205,916.187951952219
2021-12-03,929.92,944.78,941.67,932.2970586002982,930.6057371706072,848.9134059197893,932.0859307916835,898.4755821228027,916.1710918992758
2021-12-04,948.97,944.78,945.29,932.2970586002982,930.6056492217136,848.0127465247526,932.0859354594722,898.4755501151085,916.1545919328928
2021-12-05,949.97,944.78,944.78,932.2970586002982,930.6058996265133,847.4476140607744,932.0859391270205,898.4755181074142,916.1384467184544
2021-12-16,930.28,944.78,939.27,932.2970586002982,930.605792438165,830.7802567032617,932.0859434613958,898.4754887670279,916.1226429194212
2021-12-17,946.21,944.78,919.59,932.2970586002982,930.6056541408503,829.5890804613332,932.0859464621171,898.4754647612572,916.1071738675237
2021-12-18,945.33,944.78,931.34,932.2970586002982,930.6048823185685,829.3607308766033,932.0859494628385,898.4754407554865,916.0920315608382
2021-12-19,944.87,944.78,943.31,932.2970586002982,930.6053460970779,829.6768741567923,932.0859521301463,898.4754220843315,916.0772053301334
2021-12-20,946.17,944.78,941.67,932.2970586002982,930.6056439405755,824.4758497762123,932.0859541306272,898.4754034131765,916.0626925081015
2021-12-21,937.19,944.78,945.29,932.2970586002982,930.6057129575081,826.6095287520359,932.0859567979351,898.4753847420216,916.0484837591648
2021-12-22,899.25,944.78,944.78,932.2970586002982,930.6055164550795,826.9910086422219,932.085958798416,898.4753687381744,916.0345737487078
2021-12-23,922.59,944.78,939.27,932.2970586002982,930.6056005699638,827.3923567930049,932.0859604654834,898.4753554016352,916.0209571421146
2021-12-24,902.6,944.78,919.59,932.2970586002982,930.6057090972694,827.0766197848752,932.0859621325508,898.4753420650959,916.0076259374619
2021-12-25,890.8,944.78,931.34,932.2970586002982,930.6063147763657,827.6781802014738,932.0859634662047,898.4753313958645,915.9945774674416
2021-12-26,746.61,944.78,943.31,932.2970586002982,930.6059508312514,828.7631632279174,932.0859651332721,898.4753260612488,915.9818037301302
2021-12-27,826.45,944.78,941.67,932.2970586002982,930.6057171018234,824.2564938443122,932.085966466926,898.4753153920174,915.9693033918738
2021-12-28,829.62,944.78,945.29,932.2970586002982,930.6056629415402,826.9990724998446,932.085967133753,898.4753073900938,915.9570697844028
2021-12-29,921.41,944.78,944.78,932.2970586002982,930.6058171446724,827.8957142452484,932.0859684674069,898.4752993881702,915.9450989067554
2021-12-30,928.0,944.78,939.27,932.2970586002982,930.6057511364368,828.7130566833454,932.0859694676474,898.4752940535545,915.9333854243159
2021-12-31,910.18,944.78,919.59,932.2970586002982,930.6056659708204,828.7116508366801,932.0859701344743,898.4752887189388,915.9219240024686
2022-01-01,932.42,944.78,931.34,932.2970586002982,930.6051906707722,829.5263146208412,932.0859711347148,898.4752833843231,915.9107093065977
2022-01-02,935.49,944.78,943.31,932.2970586002982,930.6054762727211,830.7264524372558,932.0859721349552,898.4752780497074,915.8997360020876
2022-01-03,937.49,944.78,941.67,932.2970586002982,930.6056596893342,826.242945057149,932.0859724683687,898.4752753823996,915.8890000879765
2022-01-04,928.58,944.78,945.29,932.2970586002982,930.6057021910242,828.9250833749246,932.0859734686092,898.4752700477839,915.8784908950329
2022-01-05,927.91,944.78,944.78,932.2970586002982,930.6055811818023,829.6881988109141,932.0859734686092,898.475267380476,915.8682124242187
2022-01-06,915.68,944.78,939.27,932.2970586002982,930.6056329810435,830.3112053964315,932.0859738020226,898.4752647131681,915.8581526726484
2022-01-07,915.0,944.78,919.59,932.2970586002982,930.6056998138297,830.0682788935994,932.0859744688496,898.4752620458603,915.8483076393604
2022-01-08,915.0,944.78,931.34,932.2970586002982,930.6060728003454,830.6087651369804,932.0859751356766,898.4752567112446,915.8386733233929
2022-01-09,943.0,944.78,943.31,932.2970586002982,930.6058486773388,831.5170344839709,932.0859751356766,898.4752567112446,915.82924439013
2022-01-10,929.0,944.78,941.67,932.2970586002982,930.6057047431573,826.7389003999938,932.0859758025035,898.4752540439367,915.8200168386102
2022-01-11,936.0,944.78,945.29,932.2970586002982,930.6056713904208,829.1380896862952,932.08597546909,898.4752513766289,915.8109853342175
2022-01-12,859.0,944.78,944.78,932.2970586002982,930.6057663510844,829.6434307290538,932.085976135917,898.4752513766289,915.8021458759904
2022-01-13,935.0,944.78,939.27,932.2970586002982,930.6057257021963,830.0459876756,932.085976135917,898.475248709321,915.793493129313
2022-01-14,927.0,944.78,919.59,932.2970586002982,930.6056732558981,829.6303776655003,932.0859764693305,898.4752460420132,915.7850284278393
2022-01-15,938.0,944.78,931.34,932.2970586002982,930.6053805588083,830.0543736431015,932.085976802744,898.4752460420132,915.77673843503
2022-01-16,956.0,944.78,943.31,932.2970586002982,930.605556436887,830.9085182473003,932.085976802744,898.4752460420132,915.7686271518469
2022-01-17,921.0,944.78,941.67,932.2970586002982,930.6056693876621,826.142373439818,932.085976802744,898.4752460420132,915.7606892436743
2022-01-18,914.0,944.78,945.29,932.2970586002982,930.6056955608575,828.6208978574442,932.0859771361575,898.4752460420132,915.7529220432043
2022-01-19,926.0,944.78,944.78,932.2970586002982,930.605621041515,829.2716204658722,932.085976802744,898.4752460420132,915.7453175485134
2022-01-20,944.0,944.78,939.27,932.2970586002982,930.6056529402855,829.8818382895462,932.0859771361575,898.4752460420132,915.7378757596016
2022-01-21,941.35,944.78,919.59,932.2970586002982,930.6056940969445,829.7300728972449,932.0859774695709,898.4752460420132,915.730594009161
2022-01-31,850.0,944.78,931.34,932.2970586002982,930.6059237877853,830.6821659983705,932.0859778029844,898.4752460420132,915.7234669625759
2022-02-01,855.0,944.78,943.31,932.2970586002982,930.6057857693861,833.6726672317002,932.0859778029844,898.4752433747053,915.7164946198463
2022-02-02,784.0,944.78,941.67,932.2970586002982,930.6056971325004,834.7568634471369,932.0859778029844,898.4752433747053,915.7096689790487
2022-02-03,849.0,944.78,945.29,932.2970586002982,930.6056765933715,835.7036289980891,932.0859781363979,898.4752407073975,915.7029887065291
2022-02-04,855.0,944.78,944.78,932.2970586002982,930.6057350716108,835.7756043679505,932.0859781363979,898.4752407073975,915.6964524686337
2022-02-05,857.0,944.78,939.27,932.2970586002982,930.6057100393994,836.6095324422167,932.0859778029844,898.4752380400896,915.6900562644005
2022-02-06,860.0,944.78,919.59,932.2970586002982,930.6056777421612,837.7765769141354,932.0859781363979,898.4752353727818,915.6837947592139
2022-02-07,853.0,944.78,931.34,932.2970586002982,930.6054974947854,833.2092260466871,932.0859781363979,898.4752380400896,915.6776692867279
2022-02-08,840.09,944.78,943.31,932.2970586002982,930.605605803215,835.7582539350093,932.0859781363979,898.4752407073975,915.6716718450189
2022-02-09,852.5,944.78,941.67,932.2970586002982,930.6056753600419,836.340390189055,932.0859781363979,898.4752380400896,915.6658064350486
2022-02-10,834.76,944.78,945.29,932.2970586002982,930.6056914778986,836.7359108528149,932.0859781363979,898.4752380400896,915.6600650548935
2022-02-11,849.09,944.78,944.78,932.2970586002982,930.6056455877398,836.220373419924,932.0859781363979,898.4752353727818,915.6544450372458
2022-02-12,819.43,944.78,939.27,932.2970586002982,930.605665231494,836.4445854505462,932.0859781363979,898.4752353727818,915.6489450484514
2022-02-13,817.65,944.78,919.59,932.2970586002982,930.6056905763985,836.9945208960852,932.0859781363979,898.4752353727818,915.6435650885105
2022-02-23,853.19,944.78,931.34,932.2970586002982,930.6058320235558,829.4087300783559,932.0859781363979,898.4752353727818,915.6382971554995
2022-02-24,858.5,944.78,943.31,932.2970586002982,930.6057470297,829.3907845596933,932.0859781363979,898.4752327054739,915.6331412494183
2022-02-25,811.94,944.78,941.67,932.2970586002982,930.6056924457406,828.6131981501261,932.0859784698114,898.4752327054739,915.6280973702669
2022-02-26,859.78,944.78,945.29,932.2970586002982,930.6056797974287,828.7312252305884,932.0859781363979,898.4752327054739,915.6231601834297
2022-02-27,867.7,944.78,944.78,932.2970586002982,930.6057158092291,829.3311178817214,932.0859781363979,898.4752327054739,915.6183283552527
