model,trial_number,validation_mae,state,parameters_json
ridge,0,271.5576769117112,COMPLETE,"{""alpha"": 0.0745934328572655}"
ridge,1,602.6351744954636,COMPLETE,"{""alpha"": 56.69849511478853}"
ridge,2,413.91417855408383,COMPLETE,"{""alpha"": 4.5705630998014515}"
ridge,3,313.5052764751264,COMPLETE,"{""alpha"": 0.9846738873614566}"
ridge,4,268.12886112552894,COMPLETE,"{""alpha"": 0.006026889128682512}"
ridge,5,268.12877711608513,COMPLETE,"{""alpha"": 0.0060252157362038605}"
ridge,6,267.9240012531108,COMPLETE,"{""alpha"": 0.0019517224641449498}"
ridge,7,546.5725595537555,COMPLETE,"{""alpha"": 21.42302175774105}"
ridge,8,314.69329902379206,COMPLETE,"{""alpha"": 1.0129197956845732}"
ridge,9,390.889532796587,COMPLETE,"{""alpha"": 3.4702669886504163}"
ridge,10,267.8966451978976,COMPLETE,"{""alpha"": 0.0014083688910684416}"
ridge,11,267.87719653276463,COMPLETE,"{""alpha"": 0.0010221922977737942}"
ridge,12,267.88065104282043,COMPLETE,"{""alpha"": 0.0010907785690006102}"
ridge,13,270.2509032576289,COMPLETE,"{""alpha"": 0.04855420823441169}"
ridge,14,269.2226696334374,COMPLETE,"{""alpha"": 0.02797096910927525}"
ridge,15,268.1976626932247,COMPLETE,"{""alpha"": 0.007397971391076001}"
ridge,16,267.88093273374966,COMPLETE,"{""alpha"": 0.0010963714327503157}"
ridge,17,268.75607351493466,COMPLETE,"{""alpha"": 0.018571733774518706}"
ridge,18,268.0133434233739,COMPLETE,"{""alpha"": 0.0037276159855465316}"
ridge,19,272.92864765141206,COMPLETE,"{""alpha"": 0.10224714474762586}"
random_forest,0,326.908844369619,COMPLETE,"{""max_depth"": 14, ""max_features"": 0.6202948099826744, ""min_samples_leaf"": 2, ""n_estimators"": 75}"
random_forest,1,292.47524504918283,COMPLETE,"{""max_depth"": 18, ""max_features"": 0.7705811061417018, ""min_samples_leaf"": 6, ""n_estimators"": 125}"
random_forest,2,301.7738927209683,COMPLETE,"{""max_depth"": 16, ""max_features"": 0.9010235593143332, ""min_samples_leaf"": 4, ""n_estimators"": 75}"
random_forest,3,547.2407371484999,COMPLETE,"{""max_depth"": 4, ""max_features"": 0.6105144979421857, ""min_samples_leaf"": 7, ""n_estimators"": 125}"
random_forest,4,339.1254073732947,COMPLETE,"{""max_depth"": 9, ""max_features"": 0.9216123471148523, ""min_samples_leaf"": 1, ""n_estimators"": 150}"
random_forest,5,305.7192082790565,COMPLETE,"{""max_depth"": 20, ""max_features"": 0.9772440625543326, ""min_samples_leaf"": 4, ""n_estimators"": 225}"
random_forest,6,330.45743175967453,COMPLETE,"{""max_depth"": 15, ""max_features"": 0.9485492899907672, ""min_samples_leaf"": 1, ""n_estimators"": 150}"
random_forest,7,324.3194450993268,COMPLETE,"{""max_depth"": 8, ""max_features"": 0.7716012576402029, ""min_samples_leaf"": 1, ""n_estimators"": 125}"
random_forest,8,295.1450521429085,COMPLETE,"{""max_depth"": 14, ""max_features"": 0.9543313789155439, ""min_samples_leaf"": 8, ""n_estimators"": 150}"
random_forest,9,367.10378435592213,COMPLETE,"{""max_depth"": 12, ""max_features"": 0.5904572976289505, ""min_samples_leaf"": 1, ""n_estimators"": 250}"
random_forest,10,292.4232355726403,COMPLETE,"{""max_depth"": 20, ""max_features"": 0.7511693281322854, ""min_samples_leaf"": 6, ""n_estimators"": 200}"
random_forest,11,292.4232355726403,COMPLETE,"{""max_depth"": 20, ""max_features"": 0.7701787912914043, ""min_samples_leaf"": 6, ""n_estimators"": 200}"
random_forest,12,291.56781686424216,COMPLETE,"{""max_depth"": 20, ""max_features"": 0.747422420174461, ""min_samples_leaf"": 5, ""n_estimators"": 200}"
random_forest,13,300.67793565057036,COMPLETE,"{""max_depth"": 18, ""max_features"": 0.7018205168533742, ""min_samples_leaf"": 4, ""n_estimators"": 200}"
random_forest,14,299.02059799518645,COMPLETE,"{""max_depth"": 18, ""max_features"": 0.8264512412383993, ""min_samples_leaf"": 5, ""n_estimators"": 200}"
random_forest,15,309.19968069503125,COMPLETE,"{""max_depth"": 20, ""max_features"": 0.6878219403100518, ""min_samples_leaf"": 6, ""n_estimators"": 250}"
random_forest,16,304.5106790783141,COMPLETE,"{""max_depth"": 17, ""max_features"": 0.84596079719686, ""min_samples_leaf"": 3, ""n_estimators"": 175}"
random_forest,17,378.55642851796034,COMPLETE,"{""max_depth"": 20, ""max_features"": 0.503287911102331, ""min_samples_leaf"": 8, ""n_estimators"": 225}"
random_forest,18,294.19296959105293,COMPLETE,"{""max_depth"": 18, ""max_features"": 0.6934093230127979, ""min_samples_leaf"": 5, ""n_estimators"": 175}"
random_forest,19,284.57109195941325,COMPLETE,"{""max_depth"": 13, ""max_features"": 0.8605862756273475, ""min_samples_leaf"": 7, ""n_estimators"": 225}"
gradient_boosting,0,494.28671033066576,COMPLETE,"{""learning_rate"": 0.013688090729945365, ""max_depth"": 4, ""min_samples_leaf"": 3, ""n_estimators"": 225}"
gradient_boosting,1,291.64695323748737,COMPLETE,"{""learning_rate"": 0.06203508872281686, ""max_depth"": 3, ""min_samples_leaf"": 4, ""n_estimators"": 125}"
gradient_boosting,2,308.7275595340618,COMPLETE,"{""learning_rate"": 0.08393127889385947, ""max_depth"": 5, ""min_samples_leaf"": 4, ""n_estimators"": 150}"
gradient_boosting,3,1385.0189724699385,COMPLETE,"{""learning_rate"": 0.01404816755744128, ""max_depth"": 2, ""min_samples_leaf"": 8, ""n_estimators"": 125}"
gradient_boosting,4,351.15686041038333,COMPLETE,"{""learning_rate"": 0.14037179086758858, ""max_depth"": 4, ""min_samples_leaf"": 2, ""n_estimators"": 250}"
gradient_boosting,5,635.1305292685391,COMPLETE,"{""learning_rate"": 0.015171672090844258, ""max_depth"": 3, ""min_samples_leaf"": 7, ""n_estimators"": 175}"
gradient_boosting,6,339.6664665406803,COMPLETE,"{""learning_rate"": 0.07328097194130306, ""max_depth"": 5, ""min_samples_leaf"": 2, ""n_estimators"": 100}"
gradient_boosting,7,619.3206855716643,COMPLETE,"{""learning_rate"": 0.016108895795875783, ""max_depth"": 2, ""min_samples_leaf"": 1, ""n_estimators"": 175}"
gradient_boosting,8,528.123173687983,COMPLETE,"{""learning_rate"": 0.039103436758409264, ""max_depth"": 5, ""min_samples_leaf"": 8, ""n_estimators"": 75}"
gradient_boosting,9,332.54420147070846,COMPLETE,"{""learning_rate"": 0.030976244505097006, ""max_depth"": 4, ""min_samples_leaf"": 1, ""n_estimators"": 225}"
gradient_boosting,10,298.9431603367512,COMPLETE,"{""learning_rate"": 0.1643022157094854, ""max_depth"": 3, ""min_samples_leaf"": 5, ""n_estimators"": 50}"
gradient_boosting,11,325.2881715390538,COMPLETE,"{""learning_rate"": 0.1991322358708506, ""max_depth"": 3, ""min_samples_leaf"": 5, ""n_estimators"": 50}"
gradient_boosting,12,314.8777539192582,COMPLETE,"{""learning_rate"": 0.08781428079954048, ""max_depth"": 3, ""min_samples_leaf"": 5, ""n_estimators"": 50}"
gradient_boosting,13,324.95159789597454,COMPLETE,"{""learning_rate"": 0.043949392361115884, ""max_depth"": 3, ""min_samples_leaf"": 6, ""n_estimators"": 100}"
gradient_boosting,14,349.304116301746,COMPLETE,"{""learning_rate"": 0.12830470901418897, ""max_depth"": 2, ""min_samples_leaf"": 4, ""n_estimators"": 100}"
gradient_boosting,15,298.260142924402,COMPLETE,"{""learning_rate"": 0.05597221845637242, ""max_depth"": 3, ""min_samples_leaf"": 6, ""n_estimators"": 150}"
gradient_boosting,16,293.14853655007624,COMPLETE,"{""learning_rate"": 0.056466352288399115, ""max_depth"": 4, ""min_samples_leaf"": 6, ""n_estimators"": 150}"
gradient_boosting,17,323.78639175937764,COMPLETE,"{""learning_rate"": 0.024463445222143745, ""max_depth"": 4, ""min_samples_leaf"": 6, ""n_estimators"": 175}"
gradient_boosting,18,282.74405646496547,COMPLETE,"{""learning_rate"": 0.057211834375937555, ""max_depth"": 4, ""min_samples_leaf"": 4, ""n_estimators"": 125}"
gradient_boosting,19,485.32394856545164,COMPLETE,"{""learning_rate"": 0.024694818721327543, ""max_depth"": 4, ""min_samples_leaf"": 3, ""n_estimators"": 125}"
