Date,fold,actual,naive_lag_1,linear_regression,selected_model
2019-06-18,1,921.0,933.0,927.3046457678181,929.1881396580801
2019-06-19,1,933.0,921.0,923.466312223054,932.9455710805788
2019-06-20,1,918.0,933.0,919.4128235239992,932.5297216349609
2019-06-21,1,928.0,918.0,918.4386320643665,936.2541098566875
2019-06-22,1,937.0,928.0,920.2800875128643,932.5230369950824
2019-06-23,1,937.0,937.0,921.2496740354763,923.8471881040265
2019-06-24,1,937.0,937.0,919.0517794413612,924.4421106622177
2019-06-25,1,937.0,937.0,921.2821739867886,924.5487144127367
2019-06-26,1,936.0,937.0,915.311423702874,924.5383493528718
2019-06-27,1,936.5,936.0,911.3022761829557,923.9410433189164
2019-06-28,1,935.5,936.5,910.0703378713058,924.587369054634
2019-06-29,1,934.5,935.5,913.1196696106798,924.47138201192
2019-06-30,1,935.0,934.5,909.5464140503204,923.3030567739487
2019-07-01,1,924.5,935.0,913.9855027197083,920.3476132539565
2019-07-02,1,921.0,924.5,910.8265125764675,924.5256881985677
2019-07-03,1,916.5,921.0,907.1592445518471,912.3146061105754
2019-07-04,1,936.5,916.5,899.4131169206045,889.7623026484985
2019-07-05,1,930.0,936.5,903.7521167912387,905.4243914509374
2019-07-06,1,939.0,930.0,905.7107114354658,905.669448455137
2019-07-07,1,940.0,939.0,903.6062319145905,903.2273152045832
2019-07-08,1,939.0,940.0,903.5843763133322,894.8483405412065
2019-07-09,1,939.0,939.0,901.9804542370935,894.7387653725799
2019-07-10,1,934.5,939.0,896.9325957104832,894.5939080153935
2019-07-11,1,939.5,934.5,891.5610481229232,896.5645401886419
2019-07-12,1,936.5,939.5,892.7770585934235,896.1372960336515
2019-07-13,1,936.0,936.5,892.3444761593753,896.3152670116114
2019-07-14,1,935.5,936.0,889.5530437396126,896.4404031276025
2019-07-15,1,937.0,935.5,888.1913525801898,895.4326996345832
2019-07-16,1,923.5,937.0,887.3475958661577,895.5252105355443
2019-07-17,1,936.0,923.5,880.7292921474832,898.6536421004686
2019-07-18,1,938.5,936.0,878.3292873650336,896.2224799613996
2019-07-19,1,934.5,938.5,879.515125272301,896.8819875695756
2019-07-20,1,937.0,934.5,879.1266532966731,896.8030650799171
2019-07-21,1,937.5,937.0,877.3966667237784,897.0079142989607
2019-07-22,1,921.5,937.5,876.9827144001728,895.6242368929151
2019-07-23,1,919.5,921.5,874.797757538416,898.4371352892922
2019-07-24,1,938.0,919.5,867.8316934802062,883.6288722771576
2019-07-25,1,934.0,938.0,867.0821434715837,897.137064089271
2019-07-26,1,906.5,934.0,867.2698033245692,896.318663382183
2019-07-27,1,927.0,906.5,862.0033251614958,886.5593753964039
2019-07-28,1,937.5,927.0,862.7102385229196,905.4873652028449
2019-07-29,1,937.0,937.5,864.9346879177089,903.9755838859415
2019-07-31,1,937.5,937.0,857.5243234524952,904.4778225374544
2019-08-01,1,938.0,937.5,856.3816438041432,898.1326553362228
2019-08-02,1,925.5,938.0,858.0146058564585,897.7776609961213
2019-08-03,1,923.0,925.5,855.5007181579653,907.2933635552707
2019-08-04,1,937.5,923.0,852.4277035193688,907.5207988509359
2019-08-05,1,892.5,937.5,855.3060054896542,905.6162352651628
2019-08-06,1,903.5,892.5,847.3316346108048,886.9722687853545
2019-08-07,1,933.5,903.5,844.6053386866666,884.0735313411968
2019-08-08,1,937.0,933.5,847.7786000961206,884.9950309094061
2019-08-09,1,935.0,937.0,849.3916795056969,907.2417545110903
2019-08-10,1,935.5,935.0,843.5726237504196,905.8041939511479
2019-08-11,1,934.5,935.5,843.135524087923,906.5890993908645
2019-08-12,1,937.5,934.5,845.8106130598719,905.4423288147723
2019-08-13,1,931.0,937.5,842.6723447761108,905.3011588857473
2019-08-14,1,931.0,931.0,840.8041453236656,915.7353056202072
2019-08-15,1,927.0,931.0,839.0881522556933,915.9125213575542
2019-08-16,1,936.5,927.0,835.1704990134317,915.1238311556582
2019-08-17,1,931.0,936.5,837.1417191059807,914.4695929987961
2019-08-18,1,922.0,931.0,836.581845167525,908.9430386024134
2019-08-19,1,919.0,922.0,828.1721786134539,907.2098359824083
2019-08-20,1,887.5,919.0,829.8765610493829,907.733558984672
2019-08-21,1,904.5,887.5,823.087544491983,906.3449870236824
2019-08-22,1,923.0,904.5,820.4884813729427,902.7278542038582
2019-08-23,1,908.5,923.0,824.708637505699,903.6254983326388
2019-08-24,1,933.5,908.5,828.7775580401936,908.6560973031347
2019-08-25,1,933.5,933.5,828.144337279194,914.5126557308984
2019-08-26,1,934.0,933.5,826.9620250258249,913.6603546957975
2019-08-27,1,935.0,934.0,827.7193867268035,911.7742041251048
2019-08-28,1,929.5,935.0,821.6959299651573,911.0378358814964
2019-08-29,1,935.5,929.5,817.8662240647907,914.4431293848598
2019-08-30,1,932.0,935.5,821.412902599725,911.5995559155203
2019-08-31,1,934.0,932.0,821.4005330748815,906.4662912152576
2019-09-01,1,918.0,934.0,823.0918437550012,904.5549756726128
2019-09-02,1,928.5,918.0,819.3262448870483,907.6428176157699
2019-09-03,1,934.5,928.5,818.8385862579288,902.0069885093718
2019-09-05,1,934.5,934.5,812.53317987519,902.2924649385451
2019-09-06,1,934.5,934.5,816.2461731858272,903.4205090633658
2019-09-07,1,934.5,934.5,818.2174216811507,912.7599545746385
2019-09-08,1,936.0,934.5,819.2745193261037,906.326604974649
2019-09-09,1,933.0,936.0,819.5937725509149,902.3348548904977
2019-09-10,1,934.5,933.0,821.1558749407122,903.1674417337194
2019-09-11,1,934.0,934.5,818.260284070505,901.0642123028131
2019-09-12,1,936.0,934.0,814.1125961001196,902.3598486535661
2019-09-13,1,933.5,936.0,815.4526221738114,901.5239640236646
2019-09-14,1,936.5,933.5,816.01155632371,901.5825496549057
2019-09-15,1,939.0,936.5,814.7815933434908,901.995917515872
2019-09-16,1,934.0,939.0,814.2917811767198,901.2860698392462
2019-09-17,1,933.0,934.0,815.9726698421107,901.7889685259262
2019-09-18,1,896.0,933.0,813.1680863056184,901.0755352918914
2019-09-19,1,874.5,896.0,801.2266711478296,885.4366888061091
2019-09-20,1,917.5,874.5,795.1990104467179,897.538694744678
2019-09-21,1,919.0,917.5,805.799145081663,905.1793907828273
2019-09-22,1,923.5,919.0,812.1592468734112,906.3758214299675
2019-09-23,1,936.0,923.5,814.4422767364065,913.2647954815633
2019-09-24,1,936.5,936.0,820.9347746983573,911.3328387448793
2019-09-25,1,935.0,936.5,819.3651269729937,910.4058358620686
2019-09-26,1,932.0,935.0,812.4880457684685,912.2571784351989
2019-09-27,1,934.5,932.0,813.19593678469,912.5113598907774
2019-09-29,1,926.5,934.5,818.9603000286652,913.1791765424588
2019-09-30,1,717.0,926.5,820.3867494822905,915.7121769599203
2019-10-01,1,919.0,717.0,778.6003438601249,908.1041932094938
2019-10-02,1,933.0,919.0,803.5420831576134,912.5521320549847
2019-10-03,1,925.0,933.0,807.7300916415606,910.3842812341386
2019-10-05,1,933.5,925.0,811.4425465609509,909.2091604396867
2019-10-06,1,934.0,933.5,817.8947629802726,923.1996685062976
2019-10-07,1,935.0,934.0,820.6210793189749,924.1925361063107
2019-10-08,1,936.0,935.0,823.6310072044271,923.2048841305167
2019-10-09,1,936.5,936.0,815.1421741461246,923.4305858845388
2019-10-10,1,863.5,936.5,834.9762634906563,923.0346140727827
2019-10-11,1,903.0,863.5,821.8135380338356,918.3357513737463
2019-10-12,1,934.0,903.0,826.7067311328966,917.4344758093162
2019-10-13,1,936.0,934.0,834.4542790002754,928.0907864438428
2019-10-14,1,924.0,936.0,836.7377510601206,930.3249074282694
2019-10-15,1,924.0,924.0,811.9053461308974,918.5167231565649
2019-10-16,1,932.5,924.0,836.2441560383755,927.1692750590521
2019-10-17,1,930.0,932.5,836.7031938038635,922.8410923990515
2019-10-18,1,917.5,930.0,832.901818337426,924.9976954870269
2019-10-19,1,922.5,917.5,838.7836530412565,929.9144829774187
2019-10-20,1,925.0,922.5,840.0463696786085,929.8931627766657
2019-10-21,1,926.0,925.0,842.4902922362307,929.2550356499612
2019-10-22,1,908.0,926.0,848.0353546483278,930.2560160663669
2019-10-23,1,909.5,908.0,843.4934862494894,928.8523574987415
2019-10-25,1,921.5,909.5,836.0417440708311,913.3862504000028
2019-10-26,1,926.0,921.5,847.0476219633425,926.4612465832055
2019-10-27,1,927.5,926.0,851.8135213803164,929.9621206517431
2019-10-28,1,926.5,927.5,853.0644809796672,929.4841110298089
2019-10-29,1,926.0,926.5,854.2583467699119,931.1185671837685
2019-10-30,1,926.0,926.0,852.6798098676536,932.0803042380446
2019-10-31,1,932.0,926.0,849.3678601992289,931.8499679276835
2019-11-01,1,932.5,932.0,845.3031803773808,931.524917564096
2019-11-02,1,931.0,932.5,862.9882773174309,932.6422621515709
2019-11-03,1,933.5,931.0,864.670704340387,933.6448345191634
2019-11-04,1,933.0,933.5,866.3711595601928,933.2753015979788
2019-11-06,1,932.0,933.0,869.102457550614,933.7913533056065
2019-11-07,1,935.0,932.0,864.3519190969567,929.7228990742037
2019-11-08,1,934.5,935.0,867.5524899892622,933.7913533056065
2019-11-09,1,929.0,934.5,872.2783514277374,933.899065591372
2019-11-10,1,929.5,929.0,872.7649012566031,933.6779912884215
2019-11-11,1,925.5,929.5,869.4295159495878,932.6098896704605
2019-11-12,1,934.5,925.5,876.6633005555532,934.399326377673
2019-11-18,1,925.0,934.5,884.93351664202,933.7575341864434
2019-11-19,1,934.5,925.0,887.3982398198168,933.8415377928118
2019-11-20,1,932.5,934.5,887.4285991495343,931.9875758128435
2019-11-21,1,927.0,932.5,885.5339224443385,932.1266048885302
2019-11-22,1,933.0,927.0,887.1401537140059,933.020409501823
2019-11-23,1,914.0,933.0,890.6026174126124,932.9880546293637
2019-11-24,1,931.0,914.0,886.4772324952713,935.3452870136567
2019-11-25,1,933.0,931.0,891.9542013332607,931.5444167134767
2019-11-26,1,933.5,933.0,896.0701121654034,932.586159748511
2019-11-27,1,924.0,933.5,895.8541282428646,932.0490386741136
2019-11-28,1,925.5,924.0,890.6708606407785,933.1375494180495
2019-11-29,1,928.5,925.5,893.3339283566568,932.8291792973287
2019-11-30,1,920.0,928.5,898.5822275887937,933.7069857742814
2019-12-01,1,923.0,920.0,901.7096934555191,935.9821832232919
2019-12-02,1,924.0,923.0,904.970328156869,937.0787508181536
2019-12-03,2,924.5,924.0,912.9420111247377,920.4865902814097
2019-12-04,2,932.5,924.5,914.3561177067774,920.030281416828
2019-12-05,2,930.0,932.5,914.9338042819123,921.6299401689895
2019-12-06,2,922.0,930.0,913.2767219132356,922.4064245456728
2019-12-07,2,932.5,922.0,912.0110965448144,919.8037749062596
2019-12-08,2,932.5,932.5,911.7928943340875,922.2632363288079
2019-12-09,2,916.0,932.5,910.660503983397,922.9698747010801
2019-12-10,2,933.0,916.0,907.8994388144606,919.2066429310709
2019-12-11,2,930.5,933.0,908.6130758399441,922.276108622985
2019-12-12,2,934.0,930.5,908.0796556424058,922.0539506534361
2019-12-14,2,913.5,934.0,910.8146013803589,923.2116776477812
2019-12-15,2,933.0,913.5,907.3078525347015,918.3346430602458
2019-12-16,2,932.5,933.0,907.3045965043088,922.3688596567758
2019-12-17,2,868.0,932.5,908.2201196366441,921.3658172348489
2019-12-18,2,930.0,868.0,900.5320257452726,908.3257069871315
2019-12-19,2,840.5,930.0,906.588023744832,920.0744480153895
2019-12-20,2,922.5,840.5,900.5111333909125,902.094970117216
2019-12-21,2,916.5,922.5,913.6158899332801,915.4315579155359
2019-12-23,2,926.5,916.5,911.9188014660784,914.8509508281899
2019-12-24,2,928.0,926.5,910.7204874135638,920.3051465859876
2019-12-25,2,922.0,928.0,913.9254509354756,919.0075845714309
2019-12-26,2,897.5,922.0,903.6285546993471,918.999074207241
2019-12-31,2,903.0,897.5,896.5941229942766,912.0594895541219
2020-01-03,2,856.0,903.0,892.1066724912275,908.0797241404447
2020-01-04,2,911.5,856.0,878.3221193134204,899.048633280681
2020-01-06,2,923.5,911.5,887.1957840836749,908.7464715048491
2020-01-07,2,915.5,923.5,891.5995401605963,912.330879827072
2020-01-08,2,900.5,915.5,893.402855313491,909.3185270328848
2020-01-09,2,904.5,900.5,893.5387138901946,908.6450454321371
2020-01-10,2,868.0,904.5,890.1386764807808,904.6449139312522
2020-01-11,2,852.0,868.0,889.3683983840348,898.9463845231664
2020-01-12,2,873.5,852.0,884.103022961893,891.95689515619
2020-01-13,2,913.5,873.5,882.3116698655757,896.6592591634528
2020-01-14,2,907.5,913.5,892.4810801665946,905.1958550066993
2020-01-15,2,907.0,907.5,898.0570488594512,905.2655374125891
2020-01-16,2,863.5,907.0,898.2043880042479,906.5848478204298
2020-01-18,2,910.5,863.5,885.2876395934743,893.5426717281211
2020-01-19,2,919.5,910.5,896.9498594170723,901.75770324413
2020-01-20,2,919.5,919.5,891.477617750723,904.6586425947642
2020-01-21,2,903.5,919.5,883.2083063224067,908.0375667413036
2020-01-22,2,884.0,903.5,878.6781193595997,905.924932108321
2020-01-23,2,919.0,884.0,879.6573240393495,901.2142578953408
2020-01-24,2,919.0,919.0,891.1976584446118,906.2364616013721
2020-01-25,2,921.0,919.0,889.7573262645003,902.9199732857271
2020-01-26,2,922.0,921.0,885.0633055571813,906.8171920873629
2020-01-31,2,921.5,922.0,882.4253600322395,908.266117367652
2020-02-01,2,912.0,921.5,885.7842845288594,912.298235369301
2020-02-02,2,921.5,912.0,887.8208055943486,907.6837143277545
2020-02-03,2,920.5,921.5,886.1144437483472,907.9959854757449
2020-02-04,2,919.5,920.5,883.2482611985473,906.2851483890506
2020-02-05,2,919.0,919.5,887.2319675730407,908.0238584622992
2020-02-06,2,920.5,919.0,889.1568930077568,908.0445072447553
2020-02-07,2,923.5,920.5,891.0631381803465,908.7882033092853
2020-02-08,2,924.0,923.5,891.2139598355518,907.9741933966619
2020-02-09,2,923.5,924.0,890.379659757023,908.0429166439096
2020-02-10,2,922.5,923.5,890.1945657476922,910.0083297261538
2020-02-11,2,923.0,922.5,890.9754854180501,909.3950428171464
2020-02-12,2,921.5,923.0,890.9623874474244,909.0764315544521
2020-02-13,2,898.0,921.5,890.9828813816697,908.8629857846549
2020-02-14,2,882.0,898.0,887.6196781506327,904.2311479559404
2020-02-15,2,921.5,882.0,885.3811307623911,900.3978709581642
2020-02-16,2,922.5,921.5,889.9001262662495,908.8202403126013
2020-02-17,2,921.0,922.5,891.6437117728482,910.3788400335834
2020-02-18,2,917.0,921.0,891.7982957254641,911.1992667637803
2020-02-19,2,922.5,917.0,889.522030878698,911.578741579031
2020-02-20,2,923.0,922.5,888.0154049934075,912.5267447050547
2020-02-21,2,923.0,923.0,888.2981838957011,912.2813763645561
2020-02-22,2,921.5,923.0,882.5937342037406,911.8575516664337
2020-02-23,2,922.5,921.5,877.9427007371715,913.3060775793523
2020-02-24,2,925.5,922.5,878.7273357734329,913.1841974045777
2020-02-25,2,928.0,925.5,878.6299159514019,913.5583963772003
2020-02-26,2,927.5,928.0,878.9703300621144,915.0536616094419
2020-02-27,2,925.5,927.5,878.8503773350507,914.5290600687534
2020-02-28,2,925.0,925.5,880.3039313320459,914.1676794190852
2020-02-29,2,928.0,925.0,882.0478512463017,916.1790270235906
2020-03-01,2,924.5,928.0,882.7654734526801,916.6057057920247
2020-03-02,2,926.5,924.5,881.861735979122,915.5468556860952
2020-03-03,2,923.5,926.5,882.2131735000867,916.094227376259
2020-03-04,2,925.5,923.5,882.7369512811835,915.7164725683987
2020-03-05,2,925.5,925.5,884.74047146129,916.2439888270385
2020-03-06,2,927.0,925.5,886.3061753838502,916.4703643586195
2020-03-07,2,922.0,927.0,887.0463713350346,917.1629597240051
2020-03-08,2,919.0,922.0,887.4587329811534,916.3196842512779
2020-03-09,2,929.5,919.0,887.570157219355,915.5204128656964
2020-03-10,2,928.0,929.5,888.8262307081426,917.5449426894422
2020-03-11,2,909.0,928.0,889.0354775051676,917.3776086862543
2020-03-12,2,908.5,909.0,888.1638666796662,913.9705569387689
2020-03-13,2,924.0,908.5,888.7948214589668,913.3230601253226
2020-03-15,2,926.5,924.0,891.8871031343439,916.2591927764694
2020-03-16,2,870.5,926.5,892.1193693500288,916.9253885335827
2020-03-17,2,925.5,870.5,885.8024098050352,907.3339299414713
2020-03-18,2,925.5,925.5,892.0132414173224,918.1995417908978
2020-03-19,2,915.0,925.5,895.5767712110279,918.5067117173264
2020-03-28,2,939.5,915.0,902.7827527392195,918.2769103347191
2020-03-31,2,934.5,939.5,901.334308859307,925.2345768990634
2020-04-02,2,934.5,934.5,897.3616255287658,926.97203702388
2020-04-03,2,932.0,934.5,902.2223555769742,926.0106149127582
2020-04-04,2,932.0,932.0,899.498685183316,924.6739005833638
2020-04-05,2,932.5,932.0,892.1658198075866,926.9959786213562
2020-04-06,2,933.5,932.5,895.1582547986071,925.3106552261964
2020-04-07,2,933.0,933.5,895.5690159332103,925.1576973225028
2020-04-08,2,930.5,933.0,897.4750866188618,926.529002015213
2020-04-09,2,933.0,930.5,901.5385682014679,926.1138657605744
2020-04-10,2,933.5,933.0,904.2829676350344,923.945636794678
2020-04-11,2,933.5,933.5,907.8608023856691,927.0897114093791
2020-04-12,2,933.0,933.5,909.1556333135393,927.0812654055588
2020-04-13,2,933.5,933.0,909.577159121403,926.4010511263467
2020-04-14,2,1000.0,933.5,910.5338796885538,927.6083746346775
2020-04-15,2,932.5,1000.0,912.4641307874177,945.126576515436
2020-04-16,2,931.0,932.5,904.9601223224454,933.2870491114016
2020-04-17,2,933.0,931.0,904.4630937954538,932.9602761461007
2020-04-18,2,933.0,933.0,903.8772962869085,931.8788461080042
2020-04-19,2,935.0,933.0,905.5672734248798,930.4709730305767
2020-04-20,2,931.5,935.0,909.4301771251527,929.6252738227573
2020-04-21,2,934.0,931.5,905.2473293890681,931.2136867427866
2020-04-22,2,933.0,934.0,916.9727424885182,929.9882366156924
2020-04-23,2,936.0,933.0,924.2828382985565,927.896601556142
2020-04-24,2,938.0,936.0,922.9763420307493,929.3665647705315
2020-04-25,2,937.0,938.0,922.1672098011427,930.5798616327664
2020-04-26,2,939.0,937.0,918.6196165300652,930.3732126097514
2020-04-27,2,937.5,939.0,917.7857954046519,932.3972024590989
2020-04-29,2,940.0,937.5,918.1394413745193,935.5917312726874
2020-04-30,2,939.5,940.0,916.5705970283857,933.0980951259652
2020-05-01,2,939.0,939.5,917.1678631100566,933.8663809743363
2020-05-02,2,937.0,939.0,917.8310432881727,934.3385156436817
2020-05-03,2,933.5,937.0,918.2810890348699,933.9840858579254
2020-05-04,2,938.0,933.5,918.1503080461098,933.114559228268
2020-05-05,2,938.5,938.0,918.7375306816067,933.4475658181169
2020-05-06,2,940.0,938.5,919.6418902804608,933.8548312677297
2020-05-07,2,940.0,940.0,920.9360213351431,934.700756149638
2020-05-08,2,936.5,940.0,922.2324989262953,935.4495681345744
2020-05-09,2,929.04,936.5,922.5675810655301,935.0749187960697
2020-05-10,2,927.5,929.04,922.4043960854618,933.2808446880257
2020-05-11,2,936.89,927.5,921.932495019682,932.4939474998736
2020-05-12,2,940.35,936.89,922.5425484683201,933.9391217965972
2020-05-13,2,939.41,940.35,923.7026996999512,935.2048164752898
2020-05-14,2,933.71,939.41,924.5935042677733,935.9535526109502
2020-05-15,2,940.1,933.71,927.7889127128801,935.972621025649
2020-05-16,2,917.83,940.1,930.9893240516482,935.481971350804
2020-05-17,2,939.56,917.83,928.4719594300332,930.0933773575862
2020-05-18,2,940.27,939.56,929.5721489352065,934.489014025802
2020-05-19,2,941.0,940.27,928.4782930021503,935.1882165818754
2020-05-20,2,941.16,941.0,929.6135392875983,936.2259584126961
2020-05-21,2,940.15,941.16,930.9900317483539,936.7995126197926
2020-05-22,2,933.11,940.15,930.1895404926144,937.1666547593221
2020-05-23,2,940.35,933.11,931.201435825991,934.8373999269799
2020-05-24,2,935.46,940.35,930.550378555897,934.9833068279326
2020-05-25,2,941.94,935.46,928.0542624916309,935.0736076126183
2020-05-26,2,941.63,941.94,929.7779567376965,936.4354858286639
2020-05-27,2,938.56,941.63,930.7336724511061,936.5680298297252
2020-05-28,2,932.95,938.56,931.6203260769823,935.9492933031819
2020-05-29,2,939.41,932.95,932.8636210800358,934.8074978829942
2020-05-30,2,939.93,939.41,933.6307666519534,934.7698122804081
2020-05-31,2,939.91,939.93,934.3291492185348,935.9147998449156
2020-06-01,2,941.73,939.91,934.2136042797124,935.7480508412551
2020-06-02,2,938.04,941.73,933.5763480961615,936.3446308783996
2020-06-03,2,941.93,938.04,933.7259334954201,935.5787523526517
2020-06-04,3,942.75,941.93,936.7401177261531,936.7474310605845
2020-06-05,3,933.16,942.75,936.1226680621941,936.0761273615864
2020-06-06,3,940.43,933.16,934.7058446291454,935.0288801318383
2020-06-07,3,942.33,940.43,935.903105821362,936.0801380509785
2020-06-10,3,936.85,942.33,936.2979800689164,936.7032232496349
2020-06-11,3,931.43,936.85,935.0659658633127,935.4689388128863
2020-06-12,3,940.11,931.43,935.4524641092463,934.3162412201918
2020-06-13,3,942.87,940.11,935.2206684473675,935.2028405836568
2020-06-14,3,942.03,942.87,936.8296080373036,936.470833372398
2020-06-15,3,936.27,942.03,937.6181635099011,935.8851509691058
2020-06-16,3,942.29,936.27,937.4577975128265,935.6886941835894
2020-06-17,3,940.71,942.29,935.354055873125,936.214403814831
2020-06-18,3,936.24,940.71,937.0971911652754,936.4199013598827
2020-06-19,3,942.25,936.24,934.1192327708892,934.5432399665661
2020-06-20,3,939.76,942.25,936.48700712799,936.8086285957544
2020-06-21,3,942.66,939.76,934.9898643215257,935.4013287221029
2020-06-22,3,942.24,942.66,934.9939417164826,935.8781142939752
2020-06-23,3,923.8,942.24,935.0089581134368,935.9196557125899
2020-06-24,3,894.7,923.8,931.4201710274531,932.363828157904
2020-06-30,3,936.18,894.7,926.799884887439,925.8081157345736
2020-07-01,3,936.3,936.18,937.8735262744276,932.9205393757339
2020-07-02,3,932.5,936.3,938.1771661553732,932.7403550525909
2020-07-03,3,932.31,932.5,938.3972774806778,932.4028543578302
2020-07-04,3,937.17,932.31,933.5590630808268,930.6188199014629
2020-07-05,3,934.06,937.17,932.8711848949301,932.4035404866063
2020-07-08,3,935.89,934.06,928.7361219373187,930.965705725332
2020-07-09,3,938.88,935.89,928.450269595831,928.5307169371903
2020-07-10,3,939.81,938.88,928.6134075306553,931.8466906690496
2020-07-11,3,939.02,939.81,928.2093525585614,931.8934841975026
2020-07-12,3,939.38,939.02,929.3126847379002,932.2954425605607
2020-07-13,3,938.69,939.38,930.6019867226674,932.8710449845132
2020-07-14,3,936.35,938.69,930.0940797710881,932.2422844803807
2020-07-15,3,936.53,936.35,928.2048700302447,930.1171373441766
2020-07-16,3,938.43,936.53,930.3491677992713,932.1301399273184
2020-07-17,3,935.43,938.43,929.5768811382361,931.9220434592662
2020-07-18,3,923.36,935.43,929.2017232445314,931.0743901300357
2020-07-19,3,936.71,923.36,927.2572610223528,928.3934326825861
2020-07-20,3,939.06,936.71,928.7618182587514,930.3110964072025
2020-07-21,3,938.78,939.06,930.3832723067807,930.812126269648
2020-07-22,3,937.55,938.78,932.1947448121988,931.5711721913063
2020-07-23,3,925.82,937.55,931.8399216153201,931.9109377284093
2020-07-24,3,907.58,925.82,927.1586637711812,928.946950631091
2020-07-25,3,937.88,907.58,924.5921723732891,925.3015989564241
2020-07-26,3,934.04,937.88,930.9050048258114,930.0778415007435
2020-07-27,3,895.09,934.04,930.5371389489246,929.8091013720565
2020-07-28,3,935.31,895.09,922.3055578280891,921.4527543989183
2020-07-29,3,917.02,935.31,926.3734248584288,927.4254207231083
2020-07-30,3,930.51,917.02,927.4895506515869,923.799530340703
2020-07-31,3,939.91,930.51,927.5301216918565,925.8404720163156
2020-08-01,3,939.12,939.91,928.6817933055511,927.6468897474477
2020-08-02,3,939.28,939.12,929.3148104716437,931.1922444649732
2020-08-04,3,924.82,939.28,926.3340597298302,931.7528922938573
2020-08-05,3,938.72,924.82,929.5247506928263,928.0796630970908
2020-08-06,3,936.11,938.72,927.9241249062069,932.828974035686
2020-08-08,3,938.14,936.11,924.6595724727022,929.272598007803
2020-08-09,3,939.66,938.14,925.3310915977361,929.6085205957507
2020-08-10,3,939.99,939.66,928.2494747459189,931.9501337282293
2020-08-11,3,937.78,939.99,929.0014329016185,932.0832265477612
2020-08-12,3,938.47,937.78,925.7861100672104,929.7547409587439
2020-08-13,3,937.78,938.47,927.7315617935733,930.5742043140585
2020-08-14,3,928.7,937.78,927.9792143141516,930.4085092447552
2020-08-15,3,931.48,928.7,926.6301415556271,929.1068895009886
2020-08-16,3,927.8,931.48,925.9485956382133,929.0961183394414
2020-08-17,3,909.12,927.8,926.7131221909655,928.4702235324742
2020-08-18,3,934.43,909.12,923.4014747131744,923.347796929419
2020-08-19,3,933.06,934.43,926.9053853324424,926.430342576977
2020-08-20,3,933.84,933.06,932.4180020721595,928.6487611953219
2020-08-21,3,935.35,933.84,930.9588466297781,928.4660134261387
2020-08-22,3,937.23,935.35,928.6016635061646,928.3813843210107
2020-08-24,3,936.74,937.23,928.6598665065916,929.4390871245348
2020-08-25,3,928.03,936.74,924.9220776785319,929.2845534441007
2020-08-26,3,938.41,928.03,922.880571041092,925.7940615326667
2020-08-27,3,938.82,938.41,923.7773129254381,929.1832807047267
2020-08-28,3,936.97,938.82,925.996440170201,930.0447220365182
2020-08-29,3,939.39,936.97,925.1704140063395,929.3293634199896
2020-08-30,3,938.26,939.39,927.3221788024917,930.6406291054103
2020-08-31,3,918.6,938.26,926.3139807415204,930.6578538236322
2020-09-01,3,896.45,918.6,926.2317768031899,927.6707305020961
2020-09-02,3,938.07,896.45,920.795564291276,922.9224645046504
2020-09-04,3,938.57,938.07,929.7636641119664,930.4545493151878
2020-09-05,3,938.86,938.57,930.8881075687739,930.5143479632004
2020-09-06,3,938.9,938.86,931.4902897989399,931.3273576768299
2020-09-07,3,928.45,938.9,932.1707738336033,932.5740705713065
2020-09-08,3,937.69,928.45,929.9247185346977,931.2254647349374
2020-09-09,3,940.36,937.69,924.9868210333345,930.769995293582
2020-09-10,3,941.21,940.36,926.8555427809928,929.4963065061165
2020-09-11,3,942.48,941.21,925.7990784278957,932.0970980403628
2020-09-12,3,941.7,942.48,926.5488422823103,932.4514366659475
2020-09-13,3,940.4,941.7,927.4980117401358,933.2101337757133
2020-09-14,3,922.29,940.4,927.7521233422531,933.0823272774867
2020-09-15,3,942.66,922.29,923.5721973407005,927.982219535709
2020-09-16,3,932.47,942.66,926.2987593756866,930.9157842547282
2020-09-17,3,940.85,932.47,927.9150862462357,931.2675802290518
2020-09-18,3,940.21,940.85,933.0302293584955,934.0106371772795
2020-10-31,3,862.35,940.21,930.2028376891861,932.7546685140463
2020-11-01,3,925.88,862.35,919.1040359190042,919.7410634804746
2020-11-02,3,934.33,925.88,922.1154417255143,925.225016785968
2020-11-03,3,934.83,934.33,930.4269772320234,927.404548517652
2020-11-04,3,931.4,934.83,931.5516597966283,929.6014646343637
2020-11-05,3,931.4,931.4,933.3480418755571,930.2156051169734
2020-11-06,3,936.59,931.4,926.6568160773837,929.3096094717396
2020-11-07,3,931.25,936.59,929.4637060212796,931.7148999959238
2020-11-08,3,927.7,931.25,921.4926619422563,923.0187171418168
2020-11-09,3,929.81,927.7,918.0935829801912,924.9202609332286
2020-11-10,3,902.44,929.81,919.4320975047871,926.2625537715054
2020-11-11,3,909.09,902.44,916.9545674378628,921.2414170217852
2020-11-12,3,937.41,909.09,916.3062591229976,920.4266222359754
2020-11-13,3,936.46,937.41,925.6191070033868,926.4425958078863
2020-11-14,3,935.26,936.46,927.1005035742695,924.8574100638166
2020-11-15,3,904.95,935.26,927.9761544688646,927.7226268599786
2020-11-16,3,886.0,904.95,921.2384723726118,922.5754212032915
2020-11-17,3,871.38,886.0,910.5181663134383,912.1379148353869
2020-11-18,3,910.44,871.38,904.9936424331099,905.1071112050683
2020-11-19,3,934.39,910.44,909.6904442330809,910.2188392516824
2020-11-21,3,936.94,934.39,919.5610454317067,917.6054683873324
2020-11-22,3,938.67,936.94,924.0895619724531,920.0519885680277
2020-11-23,3,926.8,938.67,924.8453222986918,923.0185615225756
2020-11-24,3,932.04,926.8,923.110871325866,924.874629783872
2020-11-25,3,937.09,932.04,916.011915133275,924.1170931978406
2020-11-26,3,939.34,937.09,914.0875228171082,923.1226360909906
2020-11-27,3,927.65,939.34,918.112867992111,927.7370905635624
2020-11-28,3,896.18,927.65,916.893376000724,926.7477593831516
2020-11-29,3,926.34,896.18,911.2697436062966,919.342170410696
2020-11-30,3,939.0,926.34,915.8393157563755,921.1382970383362
2020-12-01,3,938.66,939.0,923.4193355189135,923.9640357074938
2020-12-02,3,938.08,938.66,926.3694774202371,926.2251834383859
2020-12-03,3,934.88,938.08,926.9327952330545,928.8629277663947
2020-12-04,3,939.35,934.88,924.5560416546997,928.6941903298459
2020-12-05,3,939.31,939.35,927.5467753552875,930.6993500425647
2020-12-06,3,934.09,939.31,925.2547591571968,927.8973011633318
2020-12-07,3,912.13,934.09,921.3725063532917,927.1086068859978
2020-12-08,3,884.13,912.13,918.594241288733,923.7758078556476
2020-12-09,3,916.61,884.13,915.4065829649165,917.6138768705033
2020-12-10,3,936.43,916.61,919.2903315161501,920.6742292181951
2020-12-11,3,937.18,936.43,926.7738519471255,924.0683468279074
2020-12-12,3,899.65,937.18,928.0797702420158,924.4120681240465
2020-12-13,3,799.73,899.65,919.2506597309499,915.3367564773713
2020-12-14,3,771.85,799.73,899.1430218015987,895.6613436798233
2020-12-15,3,863.77,771.85,885.3479419691909,880.2278349750992
2020-12-16,3,927.1,863.77,900.7668733232895,889.9007603608403
2020-12-17,3,931.35,927.1,927.8765757774712,907.3701119859695
2020-12-18,3,914.73,931.35,927.2200960094792,912.0779363441666
2020-12-19,3,837.73,914.73,930.4667095276188,917.3007269872043
2020-12-20,3,863.81,837.73,894.0178768116592,890.0465799615752
2020-12-21,3,882.72,863.81,887.7607936635562,884.5143547005815
2020-12-22,3,914.72,882.72,888.7213474848343,885.6434945818742
2020-12-23,3,924.81,914.72,899.957763739693,906.3997956385745
2020-12-24,3,926.78,924.81,907.2013060815862,914.7145225082675
2020-12-25,3,934.46,926.78,910.8408512770873,918.2294581084317
2020-12-26,3,927.87,934.46,917.7804793346216,921.5308771974685
2020-12-27,3,929.7,927.87,912.2225173571,913.8683676442672
2020-12-28,3,883.56,929.7,907.3363497672774,914.0415568908679
2020-12-29,3,827.59,883.56,899.9296628618957,909.4338713287797
2020-12-30,3,882.14,827.59,892.4753741811336,901.8271651484913
2020-12-31,3,915.49,882.14,903.8502005174007,908.3582018248279
2021-01-01,3,917.88,915.49,904.0006808466331,905.9486225964492
2021-01-02,3,933.45,917.88,909.0157794948011,905.4312873263829
2021-01-03,4,930.94,933.45,910.7684296722165,911.7612245169263
2021-01-04,4,927.77,930.94,906.7131548844478,909.0085279528043
2021-01-05,4,936.47,927.77,920.131350686958,912.8642110257908
2021-01-06,4,911.69,936.47,921.4478130283109,920.7137296714944
2021-01-07,4,938.22,911.69,904.4154948785751,911.1115914179946
2021-01-08,4,938.41,938.22,912.535356000364,921.6751334874427
2021-01-09,4,934.13,938.41,916.3438428580405,921.8545299904462
2021-01-10,4,938.09,934.13,915.2994539642989,920.4390851977053
2021-01-12,4,845.55,938.09,913.1134784034057,918.7589784448974
2021-01-13,4,829.58,845.55,890.3935828197519,890.0705050539077
2021-01-14,4,859.46,829.58,887.4612308958681,889.6891828325373
2021-01-15,4,866.22,859.46,909.318011197761,902.3581945675048
2021-01-16,4,913.44,866.22,890.3965893781641,884.2356506801059
2021-01-17,4,931.62,913.44,901.4336766075417,897.1928019129739
2021-01-18,4,937.41,931.62,891.0786266141611,896.7932896089465
2021-01-19,4,935.33,937.41,898.273888555867,897.867824813332
2021-01-20,4,931.15,935.33,922.2368578231677,915.1257084448574
2021-01-21,4,935.18,931.15,917.3293878128995,918.9760053463186
2021-01-22,4,922.49,935.18,917.5939289835871,923.1001290791538
2021-01-23,4,931.07,922.49,910.8042148090204,920.0740225334214
2021-01-24,4,933.86,931.07,911.3204549761676,923.3314057329087
2021-01-25,4,934.34,933.86,912.7290479426977,922.9337074514885
2021-01-26,4,932.5,934.34,913.1470154363097,918.849041155709
2021-01-27,4,926.66,932.5,915.8239257883106,918.2050495364053
2021-01-28,4,922.56,926.66,912.137325471802,916.4834898206071
2021-01-29,4,929.74,922.56,913.2775575632779,914.9701169945121
2021-01-30,4,927.64,929.74,920.1816178923415,921.7432588324662
2021-01-31,4,933.72,927.64,920.8600165529703,921.6597115923186
2021-02-01,4,932.92,933.72,919.3362647724034,922.4443670090092
2021-02-02,4,936.54,932.92,919.3299009731699,921.9269094804862
2021-02-03,4,930.82,936.54,922.6251965719902,924.1407862338651
2021-02-04,4,936.72,930.82,920.7505990375669,921.9033397298907
2021-02-05,4,931.61,936.72,919.3067089785459,923.2424942625362
2021-02-06,4,925.34,931.61,921.3541693957594,922.9283135713899
2021-02-07,4,936.48,925.34,919.0389089334468,921.7454144349522
2021-02-08,4,929.2,936.48,920.0097664991794,924.0884221318718
2021-02-09,4,921.44,929.2,917.7673513066909,920.7517288536459
2021-02-11,4,897.18,921.44,915.7164880957263,918.2348181069938
2021-02-12,4,923.4,897.18,906.5623927248529,909.8140417376476
2021-02-13,4,925.04,923.4,917.994616943971,920.4152789767721
2021-02-14,4,797.89,925.04,922.8836616286312,920.0147260261247
2021-02-15,4,870.02,797.89,882.4293986632772,880.4367403887506
2021-02-16,4,924.73,870.02,904.122016966118,909.0465079279089
2021-02-17,4,926.36,924.73,934.2170723683232,923.1936460128975
2021-02-18,4,926.11,926.36,940.3038727054528,920.7101351338619
2021-02-19,4,929.72,926.11,920.6096450825901,919.3742481824482
2021-02-20,4,930.35,929.72,905.4715556912394,920.0949422620754
2021-02-23,4,925.4,930.35,914.0677132224693,917.538626090251
2021-02-24,4,936.12,925.4,919.916362867935,922.0178755883153
2021-02-25,4,927.48,936.12,915.6330989310176,926.1753627309658
2021-02-26,4,922.42,927.48,911.7275217933405,921.9138187381202
2021-02-27,4,931.92,922.42,913.9462145664172,921.0886651707923
2021-03-31,4,935.76,931.92,926.9253197106491,930.1718043183901
2021-04-01,4,935.32,935.76,928.5230144653016,930.3932555099544
2021-04-02,4,941.7,935.32,925.6888662285619,924.1423010009593
2021-04-03,4,947.36,941.7,931.7716364789204,931.9780432335157
2021-04-04,4,946.82,947.36,934.9268487672209,935.9731120619401
2021-04-05,4,930.88,946.82,932.9369031478095,934.6706540317989
2021-04-06,4,920.76,930.88,928.3285137173017,930.3545889915997
2021-04-07,4,910.19,920.76,926.913712885552,929.3803152512652
2021-04-08,4,884.32,910.19,925.5732491875029,925.6912862073327
2021-04-09,4,880.57,884.32,917.0530382620057,915.7126565592038
2021-04-10,4,884.34,880.57,916.211107066837,913.7432689229528
2021-04-11,4,876.14,884.34,916.3062488822052,910.515315026
2021-04-12,4,893.53,876.14,903.5869563875619,897.3190357399512
2021-04-13,4,856.98,893.53,909.7703386207278,902.4147403997346
2021-04-14,4,861.36,856.98,900.947650372038,890.0565840479627
2021-04-15,4,872.93,861.36,900.8745920155801,890.7160827749938
2021-04-16,4,884.15,872.93,903.7449624538842,892.6004065225723
2021-04-17,4,845.53,884.15,907.8603325170058,896.8895127596508
2021-04-18,4,905.25,845.53,895.3855950560236,883.2609312546139
2021-04-19,4,918.7,905.25,900.9618721078344,903.1806478356405
2021-04-20,4,931.97,918.7,914.3195318844856,905.8345780385594
2021-04-21,4,902.16,931.97,920.172376302636,914.80321217643
2021-04-22,4,909.33,902.16,908.8335025199624,908.2621617030013
2021-04-23,4,878.45,909.33,901.9128125517668,912.3386735539904
2021-04-24,4,853.34,878.45,911.5528363847573,905.5123238908379
2021-04-25,4,882.82,853.34,899.0339630767579,899.3054880884166
2021-04-26,4,902.29,882.82,906.2325155304801,907.7499937652973
2021-04-27,4,909.36,902.29,913.4284892352331,909.6161195742364
2021-04-28,4,891.94,909.36,923.2557353142631,911.1850892649347
2021-04-29,4,858.59,891.94,904.2770339169401,900.9931152137157
2021-04-30,4,849.48,858.59,890.1745509053083,887.7595186743544
2021-05-01,4,869.06,849.48,898.7558344602963,887.0874101056924
2021-05-02,4,869.69,869.06,907.6643011278865,896.7791938294044
2021-05-03,4,873.82,869.69,897.7890735859116,890.3866373721024
2021-05-04,4,878.26,873.82,894.6372884127808,890.4187397813448
2021-05-05,4,857.93,878.26,895.9282036812516,889.4963707939559
2021-05-06,4,842.41,857.93,892.9227874426823,881.3930982257697
2021-05-07,4,877.13,842.41,888.2576523669208,875.7208540070957
2021-05-08,4,848.79,877.13,897.4698939137413,887.9085033054427
2021-05-09,4,852.95,848.79,892.7811845505404,878.5504695153729
2021-05-10,4,821.79,852.95,882.7461624550884,877.0821586158086
2021-05-11,4,856.34,821.79,870.544267985728,865.5474481643326
2021-05-12,4,852.19,856.34,886.8918789917268,878.2371414666025
2021-05-13,4,850.22,852.19,892.0735400858225,872.99968206396
2021-05-14,4,838.73,850.22,878.1854837630658,870.7750292869836
2021-05-15,4,844.27,838.73,879.5315728692746,868.2393364128194
2021-05-16,4,839.82,844.27,879.5527293868065,870.8253855461451
2021-05-17,4,830.06,839.82,882.4908820649955,866.9863392970823
2021-05-18,4,871.21,830.06,874.6515644200578,864.7664503815897
2021-05-19,4,883.35,871.21,887.2743838073928,878.4585623726492
2021-05-20,4,902.55,883.35,888.3798254723206,878.6686210501979
2021-05-21,4,922.6,902.55,889.3914051764109,885.2350159359468
2021-05-23,4,931.57,922.6,903.5019002959154,899.6459990735698
2021-05-24,4,933.66,931.57,904.42724077592,905.1497065669843
2021-05-25,4,788.0,933.66,906.9112670761351,909.8193298325251
2021-05-26,4,868.57,788.0,864.7683525644179,869.073056736284
2021-05-27,4,904.42,868.57,886.5826977371039,901.1396254324436
2021-05-28,4,942.23,904.42,913.5632977851133,908.001961730403
2021-05-29,4,940.93,942.23,935.0197536514771,923.4666016225204
2021-05-31,4,948.5,940.93,925.6538241234106,921.0437687934973
2021-06-01,4,941.22,948.5,931.3037193897529,928.5943980906515
2021-06-02,4,947.97,941.22,931.8559111449753,922.6235250918689
2021-06-03,4,942.25,947.97,931.3297979597274,929.5301936552485
2021-06-04,4,931.38,942.25,920.6416505837303,927.3907365902943
2021-06-05,4,944.28,931.38,920.0248550471201,927.2133820423237
2021-06-06,4,940.44,944.28,929.1904722397538,933.1730232488102
2021-06-07,4,939.27,940.44,926.3258095471635,929.6031684552295
2021-06-08,4,919.59,939.27,929.343617865194,929.5138878432825
2021-06-10,4,931.34,919.59,920.5832842155548,917.0425289172674
2021-06-11,4,943.31,931.34,926.0749527107224,924.0011427430271
2021-06-12,4,941.67,943.31,935.3219710916026,929.3237576225728
2021-06-13,4,945.29,941.67,937.0260776069389,931.4691588950716
2021-06-16,4,944.78,945.29,936.9096297983599,932.8778873240449
2021-06-17,4,943.24,944.78,933.2328556341032,932.3387411873287
2021-06-18,4,930.57,943.24,931.1086744181237,930.7130297689864
2021-06-19,4,920.42,930.57,931.603041101694,929.6426327269454
2021-06-20,4,906.05,920.42,928.3565133429773,928.0585625700403
2021-06-22,4,946.71,906.05,926.5246851066642,923.2075511198411
2021-06-23,4,940.92,946.71,942.618109188155,939.2325885139735
2021-06-24,4,944.12,940.92,940.6012143544922,933.6505340540471
2021-06-25,4,947.04,944.12,936.6162833489512,934.2650342946495
2021-06-26,4,946.67,947.04,937.7709248134861,935.3984247832982
2021-06-27,4,930.64,946.67,940.6959057860091,937.5138759217832
2021-06-28,4,917.98,930.64,932.8244049098886,930.960282682329
2021-06-29,4,947.7,917.98,925.3588862998952,928.6233162133651
2021-07-01,4,944.64,947.7,938.1636982837716,940.490639673839
2021-07-03,4,944.92,944.64,942.006665344234,939.1379540680991
2021-07-04,4,944.24,944.92,942.9237875078405,940.4794703415885
2021-07-05,4,946.67,944.24,938.4145068785157,938.2536675076816
2021-07-06,4,943.95,946.67,934.5029885938534,937.0977642083735
2021-07-07,4,933.59,943.95,941.5972909855577,937.7338953728233
2021-07-08,4,932.5,933.59,934.3619489756202,935.7233969517328
2021-07-10,4,839.18,932.5,934.1905599008157,935.4316310462978
2021-07-12,4,812.57,839.18,907.0110640582853,906.0040087472643
2021-07-13,4,813.07,812.57,899.9921449977859,899.6370074572612
2021-07-14,4,837.27,813.07,917.9152800769346,901.0507317370508
2021-07-15,4,891.46,837.27,888.1076541359745,878.5814948715745
2021-07-16,4,944.12,891.46,902.7616631260937,889.8699144986387
2021-07-17,4,954.58,944.12,919.8896401985496,907.6487300344379
2021-07-18,4,949.17,954.58,896.4213034894394,900.9816134249477
2021-07-19,4,933.36,949.17,922.4021897801831,918.5362502462679
2021-07-20,4,874.51,933.36,930.3471881310188,928.7859477178001
2021-07-21,4,919.75,874.51,913.6655030174218,914.5003668388097
2021-07-22,4,925.36,919.75,922.0944466358841,931.9326064318088
2021-07-23,4,938.22,925.36,921.2975932754041,929.7946718073022
2021-07-24,5,949.56,938.22,935.8762412905902,934.6348318431089
2021-07-25,5,951.8,949.56,934.6549202918213,934.4555931961792
2021-07-26,5,949.56,951.8,933.0837437673983,934.1777758592467
2021-07-27,5,950.47,949.56,939.4987731850692,932.1766897695255
2021-07-28,5,939.94,950.47,935.4525783752553,936.8057547196452
2021-07-29,5,952.02,939.94,934.6576166419774,934.408054389193
2021-07-30,5,945.0,952.02,943.5544023747243,944.0202770962836
2021-07-31,5,951.99,945.0,941.5084173248367,940.9343207190738
2021-08-01,5,951.27,951.99,944.0979513927556,944.5140916233491
2021-08-02,5,949.64,951.27,944.4522386697533,943.3482205533504
2021-08-03,5,949.8,949.64,940.2344928867185,939.5839633319571
2021-08-04,5,950.12,949.8,943.8026819986387,941.729576188887
2021-08-05,5,947.21,950.12,943.0435159811599,942.679859658785
2021-08-07,5,951.85,947.21,942.1151083189135,941.3164664099266
2021-08-08,5,954.09,951.85,945.10146901816,944.838128467565
2021-08-09,5,954.41,954.09,946.4857272320533,945.8628700298019
2021-08-10,5,955.41,954.41,946.4673684573863,945.9421263472925
2021-08-11,5,952.5,955.41,944.8618420911032,945.9614727364934
2021-08-12,5,944.81,952.5,943.1350235845766,944.0004173733805
2021-08-14,5,952.98,944.81,940.0692098054119,940.9291826750205
2021-08-15,5,949.18,952.98,945.5035653618643,945.4419096513294
2021-08-16,5,943.23,949.18,946.2550596487101,944.2902119303966
2021-08-17,5,905.46,943.23,943.3790988874101,941.9243934469423
2021-08-18,5,949.34,905.46,926.7571306763186,924.6258571574785
2021-08-19,5,951.48,949.34,947.5574332429414,946.6569011952711
2021-08-20,5,952.7,951.48,953.9535448372055,945.5194505875202
2021-08-21,5,948.7,952.7,948.8404829693288,945.8388007302589
2021-08-22,5,951.15,948.7,945.1964087932287,944.3585855046503
2021-08-23,5,946.85,951.15,944.6048421439656,945.8442520734183
2021-08-24,5,930.07,946.85,949.4761633195202,942.4607089389934
2021-08-25,5,927.34,930.07,936.3593193642548,935.62075156033
2021-08-26,5,940.08,927.34,933.0057170351278,934.2257118159075
2021-08-27,5,949.09,940.08,939.3855029282557,939.3624362511592
2021-08-28,5,951.09,949.09,945.3745101357787,943.2731869102313
2021-08-29,5,950.43,951.09,944.5383994145731,943.957687148553
2021-08-30,5,926.04,950.43,941.8549031004749,943.2936206232409
2021-08-31,5,944.85,926.04,928.1259238593175,928.0232102589713
2021-09-01,5,948.33,944.85,940.5019093647219,940.997381910657
2021-09-02,5,952.84,948.33,945.4130104678648,942.9103013540557
2021-09-03,5,951.0,952.84,947.4745498262672,945.7738281242355
2021-09-04,5,949.09,951.0,944.9293625109209,944.8112350569882
2021-09-05,5,950.82,949.09,942.2167271435561,943.9861580285212
2021-09-07,5,939.42,950.82,944.1015670515422,943.2801990956422
2021-09-10,5,947.98,939.42,937.376501954475,937.5130116858161
2021-09-11,5,910.81,947.98,942.0640520714269,942.0361998289158
2021-09-12,5,943.48,910.81,926.231525924136,925.4240837579295
2021-09-14,5,946.35,943.48,942.1152104757136,942.5912536496897
2021-09-15,5,949.48,946.35,947.7208272575473,942.5420930056417
2021-09-16,5,949.97,949.48,947.0679934126472,944.1083859134533
2021-09-17,5,949.88,949.97,942.3941184294429,941.9154910552461
2021-09-21,5,949.05,949.88,941.0988485838379,943.9477560836781
2021-09-22,5,945.54,949.05,941.2626002840278,941.3590858469277
2021-09-23,5,936.46,945.54,938.1469403615627,940.6593723550161
2021-09-24,5,944.93,936.46,935.41431812696,936.8170629268013
2021-09-25,5,949.68,944.93,942.1081776860453,941.7063615491518
2021-10-11,5,951.53,949.68,944.9469407086759,943.1666731529741
2021-10-12,5,951.73,951.53,945.0797136052586,943.3359789843338
2021-10-13,5,950.63,951.73,944.6602917667449,943.9467616523715
2021-10-14,5,948.31,950.63,941.3897411735651,941.3008071352998
2021-10-15,5,952.21,948.31,941.8661500491553,941.3279148159783
2021-10-16,5,944.54,952.21,944.4914902723581,943.9472584269151
2021-10-17,5,948.23,944.54,941.8105035664935,940.5805855745364
2021-10-18,5,948.35,948.23,941.0267339975211,942.2677189866798
2021-10-19,5,938.46,948.35,941.6877565427963,941.8425305934708
2021-10-20,5,916.54,938.46,936.502379788483,936.9073960820684
2021-10-21,5,947.36,916.54,925.3817806188038,926.5023008091259
2021-10-22,5,929.32,947.36,940.0534625777536,941.7259580258386
2021-10-23,5,944.97,929.32,933.4465106295366,930.9536977745424
2021-10-24,5,950.36,944.97,938.7184302801127,939.7525802764468
2021-10-25,5,949.75,950.36,940.7576355480337,941.889018372797
2021-10-26,5,943.52,949.75,939.3547314119962,941.143423239442
2021-10-27,5,930.2,943.52,939.1778403845192,937.4982436269529
2021-10-28,5,946.79,930.2,927.4743343809332,932.0244328722838
2021-10-29,5,938.15,946.79,938.7333813184763,939.6821166865129
2021-10-30,5,943.23,938.15,935.0077885998074,934.665561771268
2021-10-31,5,949.51,943.23,937.105140291629,937.9065887920251
2021-11-01,5,942.89,949.51,939.8366501259002,940.6500575194337
2021-11-02,5,944.24,942.89,935.4964221992896,936.19281848762
2021-11-03,5,954.86,944.24,936.5539212676535,935.4646299018625
2021-11-04,5,934.28,954.86,942.0302783740675,943.2926367156223
2021-11-05,5,948.93,934.28,932.1919599233114,931.3236881450882
2021-11-06,5,781.8,948.93,939.5374131194961,940.5287368396984
2021-11-07,5,884.41,781.8,866.693625673737,864.9166447643968
2021-11-16,5,927.33,884.41,909.913863852183,917.7105578437988
2021-11-17,5,944.12,927.33,945.6502868867884,931.8447824323468
2021-11-18,5,945.77,944.12,950.4877404316404,938.5243453099781
2021-11-19,5,891.53,945.77,941.4746559720894,938.4075862040622
2021-11-20,5,943.46,891.53,897.4690491568157,911.324097569873
2021-11-21,5,947.85,943.46,923.2251707042612,927.8243075780258
2021-11-22,5,944.8,947.85,932.9896320354915,935.7469766555507
2021-11-23,5,940.96,944.8,935.2170721972581,935.8203138748044
2021-11-24,5,883.0,940.96,931.0777835161696,935.0669719051718
2021-11-25,5,939.99,883.0,896.3048182532791,907.5587029194501
2021-11-26,5,922.45,939.99,931.3202252765441,933.2669528022875
2021-11-27,5,927.21,922.45,928.3582501443896,925.3399065931164
2021-11-30,5,948.18,927.21,920.4100290257966,918.9936503038031
2021-12-01,5,948.29,948.18,939.5501025814359,935.4731262541543
2021-12-02,5,949.2,948.29,933.1586404445661,936.0555409182706
2021-12-03,5,929.92,949.2,937.4089602017807,934.8671814705441
2021-12-04,5,948.97,929.92,925.1168964643567,928.529737190174
2021-12-05,5,949.97,948.97,930.6836973326147,934.8186989567515
2021-12-16,5,930.28,949.97,938.7574885344541,937.6689888634046
2021-12-17,5,946.21,930.28,929.7017316655786,929.8226603107687
2021-12-18,5,945.33,946.21,936.0130123877254,937.8088871412739
2021-12-19,5,944.87,945.33,936.6823595293384,936.383496087938
2021-12-20,5,946.17,944.87,934.3383371983572,931.7824714428581
2021-12-21,5,937.19,946.17,938.5216196271977,936.9507843341361
2021-12-22,5,899.25,937.19,931.3343640850238,931.216919172296
2021-12-23,5,922.59,899.25,913.6999339404601,912.7201089162473
2021-12-24,5,902.6,922.59,923.6529967628369,926.9497196533574
2021-12-25,5,890.8,902.6,915.0959237072948,914.7006964130096
2021-12-26,5,746.61,890.8,903.9986316540216,905.8986525840684
2021-12-27,5,826.45,746.61,842.1194418376873,837.3906690575868
2021-12-28,5,829.62,826.45,869.4450054033227,877.7748036134064
2021-12-29,5,921.41,829.62,879.9431295387724,869.2803506171365
2021-12-30,5,928.0,921.41,919.876511462989,914.5181957304445
2021-12-31,5,910.18,928.0,918.2900297346735,914.2412901492169
2022-01-01,5,932.42,910.18,893.8014636012014,906.8351242775793
2022-01-02,5,935.49,932.42,916.3631983575948,916.4272328346107
2022-01-03,5,937.49,935.49,916.5097701472245,923.5085312587876
2022-01-04,5,928.58,937.49,930.5859756142179,924.7716074791882
2022-01-05,5,927.91,928.58,912.9016994467638,919.10179972266
2022-01-06,5,915.68,927.91,915.162069212977,920.7717983401552
2022-01-07,5,915.0,915.68,912.4513988219177,913.0170959693203
2022-01-08,5,915.0,915.0,911.5776721472783,913.597825228129
2022-01-09,5,943.0,915.0,906.0411727574858,905.6566797556424
2022-01-10,5,929.0,943.0,924.2799400784236,924.1090511804059
2022-01-11,5,936.0,929.0,918.2894353252677,915.9205262756473
2022-01-12,5,859.0,936.0,922.7831391035012,925.254494219636
2022-01-13,5,935.0,859.0,891.5574722670617,888.0093285160344
2022-01-14,5,927.0,935.0,926.2592665991355,928.1537504333544
2022-01-15,5,938.0,927.0,933.0751414262435,922.5317923396484
2022-01-16,5,956.0,938.0,933.351214522595,931.0976465704828
2022-01-17,5,921.0,956.0,941.1903097484051,939.148116273694
2022-01-18,5,914.0,921.0,917.4190320816568,921.5948036517708
2022-01-19,5,926.0,914.0,922.3512272628234,915.2823083867545
2022-01-20,5,944.0,926.0,920.4187538793149,922.6452875601559
2022-01-21,5,941.35,944.0,932.8488215022668,929.7697954169006
2022-01-31,5,850.0,941.35,932.7919606884627,930.5325464610564
2022-02-01,5,855.0,850.0,889.1719001467845,889.4063950478802
2022-02-02,5,784.0,855.0,879.1063880408911,889.4183755983648
2022-02-03,5,849.0,784.0,849.2120888691406,852.2143672316199
2022-02-04,5,855.0,849.0,887.5096139338405,876.6763631915176
2022-02-05,5,857.0,855.0,892.8149886320483,879.0723390892141
2022-02-06,5,860.0,857.0,878.0524931952164,875.9866043360047
2022-02-07,5,853.0,860.0,874.5043879981142,868.8382470629468
2022-02-08,5,840.09,853.0,864.7662813675751,867.0370653628255
2022-02-09,5,852.5,840.09,864.450294416126,855.6330119604156
2022-02-10,5,834.76,852.5,862.1109013084764,862.8016865835266
2022-02-11,5,849.09,834.76,853.5268526397168,853.8005412569273
2022-02-12,5,819.43,849.09,859.6629419592637,861.9721896794583
2022-02-13,5,817.65,819.43,844.7129047349955,846.4536340017783
2022-02-23,5,853.19,817.65,828.3177563990332,838.378843628325
2022-02-24,5,858.5,853.19,847.8918911317508,854.8818569175916
2022-02-25,5,811.94,858.5,848.2739895214806,854.6709958393108
2022-02-26,5,859.78,811.94,825.6908345620672,832.9210408668048
2022-02-27,5,867.7,859.78,844.0522114016,861.1989481508872
